grid,buildings,mean_surge_ft,share_surge_exposed,lon,lat,policies,policies_sfha,claims,claims_sfha,mean_damage_ratio,damage_claims,mean_payout_usd,claim_rate,claim_rate_sfha,claim_rate_non_sfha,take_up,block
"26.3,-81.7",6508.0,0.0,0.0,-81.69893965039711,26.325404360234543,1254.0,83.0,1.0,1.0,,0.0,0.0,0.0007974481658692185,0.012048192771084338,0.0,0.19268592501536572,"132,-408"
"26.3,-81.8",11868.0,1.2449865183687225,0.3706605999325918,-81.78917675232827,26.33540184589949,5969.0,4343.0,1258.0,1245.0,0.25268083767355376,1008.0,107142.41725755167,0.2107555704473111,0.28666820170389135,0.007995079950799507,0.5029491068419278,"132,-409"
"26.3,-81.9",94.0,6.079787234042553,0.9893617021276596,-81.85183650788798,26.346641910228985,33.0,33.0,29.0,29.0,0.26232047867729036,25.0,113222.22551724139,0.8787878787878788,0.8787878787878788,,0.35106382978723405,"132,-409"
"26.4,-81.6",525.0,0.0,0.0,-81.64088216380779,26.43979227395239,2.0,0.0,0.0,0.0,,0.0,,0.0,,0.0,0.0038095238095238095,"132,-408"
"26.4,-81.7",4962.0,0.0,0.0,-81.72537490170856,26.42002754993453,479.0,0.0,3.0,0.0,0.0,1.0,0.0,0.006263048016701462,,0.006263048016701462,0.09653365578395808,"132,-409"
"26.4,-81.8",24721.0,0.38014238906193115,0.19631082884996562,-81.79580175999202,26.40059127787037,11146.0,6231.0,871.0,789.0,0.28901650021411646,670.0,137087.58326061998,0.07814462587475328,0.1266249398170438,0.016683621566632757,0.45087172848994783,"132,-409"
"26.4,-81.9",2620.0,6.346946564885497,0.9702290076335878,-81.90869047818714,26.42474418534287,7679.0,7679.0,1694.0,1694.0,0.5006849282430439,1246.0,263004.2017532467,0.22060164083865086,0.22060164083865086,,2.9309160305343513,"132,-410"
"26.4,-82.0",1270.0,4.962204724409449,0.9937007874015747,-82.03821713103079,26.443964289496314,2134.0,2109.0,1052.0,1045.0,0.3886980771145494,743.0,195410.03894486692,0.492970946579194,0.4954954954954955,0.28,1.6803149606299213,"132,-410"
"26.4,-82.1",2480.0,3.9024193548387096,0.9846774193548387,-82.08796231560633,26.436330391655563,3682.0,3676.0,2160.0,2154.0,0.30776946174957115,1658.0,148374.09871296294,0.5866376969038566,0.5859630032644179,1.0,1.4846774193548387,"132,-410"
"26.5,-81.6",2244.0,0.0,0.0,-81.5956022175783,26.53180124679359,7.0,0.0,0.0,0.0,,0.0,,0.0,,0.0,0.0031194295900178253,"133,-408"
"26.5,-81.7",3437.0,0.0,0.0,-81.69211192315223,26.477808592351412,213.0,0.0,0.0,0.0,,0.0,,0.0,,0.0,0.06197265056735525,"132,-408"
"26.5,-81.8",18130.0,0.30603971318257034,0.0891891891891892,-81.81232511859812,26.48538632629423,4632.0,3145.0,530.0,510.0,0.2543324716295078,396.0,131674.72296226415,0.11442141623488773,0.16216216216216217,0.013449899125756557,0.2554881412024269,"132,-409"
"26.5,-81.9",22191.0,2.6960930106800056,0.8967599477265558,-81.905479790155,26.51213932295117,23358.0,22484.0,5371.0,5264.0,0.3413772253704463,4030.0,105804.55046173897,0.22994263207466392,0.23412204234122042,0.12242562929061784,1.0525888873867784,"133,-410"
"26.5,-82.0",10781.0,3.2221037009553846,0.9382246544847417,-81.97120040186535,26.50639719548016,9278.0,8805.0,3977.0,3837.0,0.36338971113927304,3074.0,149064.03137037967,0.42864841560681183,0.43577512776831345,0.2959830866807611,0.8605880716074575,"133,-410"
"26.5,-82.1",3133.0,3.0279285030322374,0.8825406958187041,-82.08513953697513,26.502389104575972,1296.0,1293.0,1114.0,1113.0,0.33781450581103833,842.0,62994.07353680431,0.8595679012345679,0.8607888631090487,0.3333333333333333,0.41366102776891156,"133,-410"
"26.5,-82.2",1507.0,4.064034505640345,0.9495686794956868,-82.17863084188619,26.496972415195675,1255.0,1200.0,874.0,829.0,0.16124440596708495,645.0,56732.07435926774,0.6964143426294821,0.6908333333333333,0.8181818181818182,0.8327803583278036,"132,-411"
"26.6,-81.6",17110.0,0.0,0.0,-81.6163667281902,26.60050228816171,583.0,351.0,3.0,2.0,0.12501778178197165,1.0,4689.796666666666,0.005145797598627788,0.005698005698005698,0.004310344827586207,0.03407364114552893,"133,-408"
"26.6,-81.7",25467.0,0.0,0.0,-81.70045131077364,26.604433578244763,652.0,2.0,4.0,0.0,0.09681654158619148,3.0,18482.5425,0.006134969325153374,0.0,0.006153846153846154,0.02560175913927828,"133,-409"
"26.6,-81.8",21321.0,0.0001641574034988978,0.00023451057642699685,-81.80162450670709,26.593693830849404,4267.0,1757.0,53.0,26.0,0.06392782407737287,11.0,3364.715283018868,0.01242090461682681,0.014797951052931132,0.010756972111553785,0.2001313259227991,"133,-409"
"26.6,-81.9",34113.0,0.21666226951602027,0.17758625743851317,-81.90338823678626,26.601085730673557,14991.0,10975.0,2100.0,1981.0,0.3235334182361625,1545.0,90196.92755238096,0.14008405043025815,0.18050113895216402,0.02963147410358566,0.43945123559933164,"133,-410"
"26.6,-82.0",47200.0,0.24676906779661018,0.2018008474576271,-81.99104895952385,26.597474225233675,21090.0,17589.0,3900.0,3787.0,0.3214515430318847,2788.0,73619.90066666667,0.18492176386913228,0.21530502018306896,0.03227649243073408,0.4468220338983051,"133,-410"
"26.6,-82.1",3902.0,1.9222193746796514,0.7752434648898001,-82.10152110360536,26.61283873309238,1229.0,1167.0,561.0,557.0,0.409071732488506,424.0,56166.08336898396,0.4564686737184703,0.4772922022279349,0.06451612903225806,0.3149666837519221,"133,-411"
"26.6,-82.2",444.0,4.29954954954955,0.9504504504504504,-82.21875320900882,26.597545267990764,245.0,243.0,95.0,93.0,0.11962382482738909,35.0,10120.951684210526,0.3877551020408163,0.38271604938271603,1.0,0.5518018018018018,"133,-411"
"26.7,-81.6",4076.0,0.006010794896957802,0.00662414131501472,-81.60877328029865,26.68754904793717,230.0,183.0,24.0,22.0,0.20411339073602322,20.0,58320.37916666666,0.10434782608695652,0.12021857923497267,0.0425531914893617,0.056427870461236505,"133,-408"
"26.7,-81.7",12367.0,0.2264494218484677,0.11069782485647287,-81.70689007484616,26.69279175834016,1790.0,1317.0,459.0,451.0,0.47176993496721,396.0,116931.04289760347,0.25642458100558657,0.3424449506454062,0.016913319238900635,0.14474003396134874,"133,-409"
"26.7,-81.8",16081.0,0.49754368509421054,0.23070704558174243,-81.80801940048956,26.685383187679996,2673.0,2358.0,852.0,839.0,0.47781817234833,698.0,119513.78265258216,0.31874298540965207,0.3558100084817642,0.04126984126984127,0.16622100615633356,"133,-409"
"26.7,-81.9",34724.0,0.2433619398686787,0.11407095956687018,-81.90371594721448,26.698546551743053,5661.0,4702.0,1226.0,1200.0,0.48859434981660066,915.0,110904.43674551386,0.21656951068715774,0.25521054870267973,0.027111574556830033,0.1630284529432093,"133,-410"
"26.7,-82.0",22139.0,0.018429016667419487,0.02746284836713492,-81.99393055729435,26.681202529540467,2788.0,2065.0,112.0,87.0,0.044317112321991974,27.0,4510.542142857143,0.040172166427546625,0.042130750605326873,0.034578146611341634,0.12593161389403315,"133,-410"
"26.7,-82.1",3786.0,0.839540412044374,0.5449022715266773,-82.0840093316915,26.688189785042034,1772.0,1710.0,89.0,87.0,0.07494925421518196,23.0,4576.231235955056,0.050225733634311515,0.05087719298245614,0.03225806451612903,0.468040147913365,"133,-410"
"26.7,-82.2",1143.0,3.2685914260717412,0.9308836395450568,-82.16511808813962,26.684920656187025,535.0,529.0,76.0,73.0,0.09885644047104444,34.0,13350.59657894737,0.14205607476635515,0.13799621928166353,0.5,0.4680664916885389,"133,-411"
"26.7,-82.3",820.0,2.8640243902439027,0.9402439024390243,-82.26049141292104,26.73679127853332,639.0,635.0,35.0,34.0,0.004201688365753887,11.0,658.2191428571429,0.054773082942097026,0.05354330708661417,0.25,0.7792682926829269,"134,-411"
"26.8,-81.6",17.0,0.0,0.0,-81.59649285817247,26.752897341462536,0.0,0.0,0.0,0.0,,0.0,,,,,0.0,"134,-408"
"26.8,-81.7",2.0,0.0,0.0,-81.7074125215812,26.761521813936717,0.0,0.0,0.0,0.0,,0.0,,,,,0.0,"134,-409"
"26.8,-81.8",716.0,0.0,0.0,-81.80828493699588,26.7584750453544,123.0,117.0,6.0,6.0,,0.0,0.0,0.04878048780487805,0.05128205128205128,0.0,0.1717877094972067,"134,-409"
"26.8,-81.9",3157.0,0.0,0.0,-81.91010570238065,26.759793510525018,488.0,169.0,3.0,1.0,0.11561627840869755,3.0,9543.366666666667,0.006147540983606557,0.005917159763313609,0.006269592476489028,0.1545771301868863,"134,-410"
"26.8,-82.0",572.0,0.020104895104895104,0.03671328671328671,-82.04384560496801,26.763448069098214,250.0,45.0,8.0,0.0,0.005652977075801765,1.0,0.0,0.032,0.0,0.03902439024390244,0.4370629370629371,"134,-410"
"26.8,-82.1",519.0,0.2504816955684008,0.2813102119460501,-82.05476138632885,26.762523181850256,1293.0,1088.0,40.0,40.0,0.0,21.0,0.0,0.030935808197989172,0.03676470588235294,0.0,2.491329479768786,"134,-410"
"26.8,-82.2",1.0,4.5,1.0,-82.24907357474943,26.767477092515865,1.0,1.0,0.0,0.0,,0.0,,0.0,0.0,,1.0,"134,-411"
"26.8,-82.3",616.0,2.6509740259740258,0.948051948051948,-82.26268759975606,26.762372048512507,326.0,324.0,25.0,25.0,0.05302599964719612,10.0,13195.07,0.07668711656441718,0.07716049382716049,0.0,0.5292207792207793,"134,-411"
