tract,buildings,mean_surge_ft,share_surge_exposed,lon,lat,policies,policies_sfha,claims,claims_sfha,mean_damage_ratio,damage_claims,mean_payout_usd,claim_rate,claim_rate_sfha,claim_rate_non_sfha,take_up,block
12071000303,1245,0.5847389558232932,0.21847389558232932,-81.82662769401273,26.673214714049184,110.0,87.0,75.0,74.0,0.5294894873627116,65.0,135027.82133333333,0.6818181818181818,0.8505747126436781,0.043478260869565216,0.08835341365461848,"267,-818"
12071000304,322,0.6925465838509317,0.4906832298136646,-81.84653223522096,26.660346632767258,495.0,483.0,44.0,39.0,0.22486963804040627,37.0,68142.91818181818,0.08888888888888889,0.08074534161490683,0.4166666666666667,1.5372670807453417,"267,-818"
12071000305,844,0.29798578199052134,0.15758293838862558,-81.83694298051037,26.659145698062723,80.0,77.0,11.0,11.0,0.4168444999505443,10.0,148479.0390909091,0.1375,0.14285714285714285,0.0,0.0947867298578199,"267,-818"
12071000306,1014,0.0,0.0,-81.82061697393914,26.667215142040163,70.0,70.0,2.0,2.0,0.1353614971077242,2.0,31491.23,0.02857142857142857,0.02857142857142857,,0.06903353057199212,"267,-818"
12071000401,1266,0.8262243285939969,0.2859399684044234,-81.80794960528041,26.681865355760173,128.0,116.0,106.0,104.0,0.6310326785142997,91.0,130857.24245283018,0.828125,0.896551724137931,0.16666666666666666,0.10110584518167456,"267,-818"
12071000402,1304,0.47661042944785276,0.17101226993865032,-81.79314970036188,26.678624409221616,100.0,36.0,30.0,30.0,0.4425317168617032,27.0,112588.95099999999,0.3,0.8333333333333334,0.0,0.07668711656441718,"267,-818"
12071000502,1142,0.0,0.0,-81.84562502575606,26.643627362721016,13.0,2.0,0.0,0.0,,0.0,,0.0,0.0,0.0,0.01138353765323993,"266,-818"
12071000503,1516,0.12401055408970976,0.11081794195250659,-81.82797918886631,26.654821685743933,157.0,138.0,28.0,28.0,0.2940958080233292,22.0,32636.121785714287,0.17834394904458598,0.2028985507246377,0.0,0.10356200527704486,"267,-818"
12071000504,1720,0.0,0.0,-81.81132390910196,26.655177173091054,28.0,21.0,0.0,0.0,,0.0,,0.0,0.0,0.0,0.01627906976744186,"267,-818"
12071000600,1847,0.0,0.0,-81.84484949410599,26.634177558357568,51.0,39.0,5.0,4.0,0.08538557721057925,1.0,1513.112,0.09803921568627451,0.10256410256410256,0.08333333333333333,0.027612344342176503,"266,-818"
12071000700,888,0.0,0.0,-81.86639980471067,26.631469062693046,9.0,0.0,1.0,0.0,,0.0,0.0,0.1111111111111111,,0.1111111111111111,0.010135135135135136,"266,-819"
12071000800,560,0.47946428571428573,0.25535714285714284,-81.87675488131877,26.634451267771887,687.0,656.0,44.0,42.0,0.1856755933398231,35.0,150382.90613636363,0.06404657933042213,0.06402439024390244,0.06451612903225806,1.2267857142857144,"266,-819"
12071000900,1486,0.5363391655450875,0.33378196500672946,-81.89067145192082,26.60456288947394,653.0,472.0,285.0,279.0,0.33377100378225405,248.0,127820.1774736842,0.43644716692189894,0.5911016949152542,0.03314917127071823,0.43943472409152085,"266,-819"
12071001001,1395,0.0,0.0,-81.87963945794084,26.603780289406206,151.0,0.0,1.0,0.0,0.07024825147951733,1.0,9808.88,0.006622516556291391,,0.006622516556291391,0.1082437275985663,"266,-819"
12071001002,1355,0.001107011070110701,0.002214022140221402,-81.87856259312265,26.620955256508722,127.0,11.0,4.0,1.0,0.31960803268429433,2.0,31096.7675,0.031496062992125984,0.09090909090909091,0.02586206896551724,0.09372693726937269,"266,-819"
12071001101,1260,0.0,0.0,-81.86493362785427,26.618634932816864,13.0,0.0,2.0,0.0,,0.0,0.0,0.15384615384615385,,0.15384615384615385,0.010317460317460317,"266,-819"
12071001103,155,0.0,0.0,-81.86207611806174,26.601289898329654,6.0,1.0,0.0,0.0,,0.0,,0.0,0.0,0.0,0.03870967741935484,"266,-819"
12071001104,274,0.0,0.0,-81.8647332288121,26.608376969228523,20.0,0.0,2.0,0.0,,0.0,0.0,0.1,,0.1,0.072992700729927,"266,-819"
12071001203,588,0.0,0.0,-81.84705196314296,26.61283007441302,268.0,97.0,13.0,4.0,0.0,2.0,0.0,0.048507462686567165,0.041237113402061855,0.05263157894736842,0.4557823129251701,"266,-818"
12071001204,996,0.0,0.0,-81.82701685805723,26.6194868976014,170.0,48.0,1.0,1.0,,0.0,22496.19,0.0058823529411764705,0.020833333333333332,0.0,0.1706827309236948,"266,-818"
12071001205,421,0.0,0.0,-81.8345168057847,26.6048100171938,55.0,8.0,0.0,0.0,,0.0,,0.0,0.0,0.0,0.13064133016627077,"266,-818"
12071001206,927,0.0,0.0,-81.84636285868044,26.549918181587817,587.0,270.0,5.0,4.0,0.19210600254687096,3.0,19020.52,0.008517887563884156,0.014814814814814815,0.0031545741324921135,0.6332254584681769,"265,-818"
12071001207,1203,0.0,0.0,-81.84356088836752,26.568339150285574,337.0,180.0,3.0,3.0,0.01335902833967814,2.0,1408.3833333333332,0.008902077151335312,0.016666666666666666,0.0,0.2801330008312552,"266,-818"
12071001208,1746,0.0,0.0,-81.8338035492173,26.58529829737914,479.0,225.0,7.0,4.0,0.14023658543244763,4.0,19959.41285714286,0.014613778705636743,0.017777777777777778,0.011811023622047244,0.2743413516609393,"266,-818"
12071001209,484,0.0,0.0,-81.81954242648592,26.601206411489148,147.0,92.0,0.0,0.0,,0.0,,0.0,0.0,0.0,0.3037190082644628,"266,-818"
12071001300,1126,0.0,0.0,-81.86432088395624,26.574643354094274,51.0,0.0,1.0,0.0,,0.0,0.0,0.0196078431372549,,0.0196078431372549,0.0452930728241563,"266,-819"
12071001401,776,0.0,0.0,-81.87801495682406,26.586731516266546,109.0,75.0,3.0,3.0,0.0,1.0,0.0,0.027522935779816515,0.04,0.0,0.1404639175257732,"266,-819"
12071001402,1353,0.0,0.0,-81.88967808919391,26.58478360548537,357.0,53.0,14.0,8.0,0.05671384389448043,7.0,7814.536428571429,0.0392156862745098,0.1509433962264151,0.019736842105263157,0.2638580931263858,"266,-819"
12071001501,1011,0.014342235410484669,0.02274975272007913,-81.88967168986223,26.566586466894453,1083.0,581.0,15.0,4.0,0.01838612728850472,3.0,918.284,0.013850415512465374,0.0068846815834767644,0.021912350597609563,1.0712166172106825,"266,-819"
12071001502,1097,0.0,0.0,-81.87844268016599,26.569784636886318,64.0,5.0,2.0,1.0,0.0006557230046685236,1.0,0.0,0.03125,0.2,0.01694915254237288,0.05834092980856882,"266,-819"
12071001601,1678,0.0,0.0,-81.86311826649579,26.557247552052203,262.0,1.0,3.0,0.0,,0.0,0.0,0.011450381679389313,0.0,0.011494252873563218,0.15613825983313467,"266,-819"
12071001602,2023,0.9760257043994068,0.6767177459218982,-81.86125976229256,26.52569969637965,254.0,150.0,20.0,17.0,0.08879170100650961,5.0,3695.4584999999997,0.07874015748031496,0.11333333333333333,0.028846153846153848,0.12555610479485912,"265,-819"
12071001701,1042,0.27351247600767753,0.3493282149712092,-81.90203026434979,26.550182299073434,1163.0,543.0,59.0,25.0,0.031441412240299414,23.0,2684.461016949153,0.05073086844368014,0.04604051565377532,0.054838709677419356,1.116122840690979,"266,-819"
12071001705,1096,2.2979014598540144,0.9954379562043796,-81.8920793847536,26.533675758198108,2827.0,2825.0,76.0,76.0,0.17153967221565594,60.0,31494.393684210525,0.026883622214361514,0.026902654867256636,0.0,2.579379562043796,"265,-819"
12071001706,1090,1.170183486238532,0.9495412844036697,-81.91647016321058,26.530621839502228,1604.0,1543.0,116.0,116.0,0.26447126059567194,56.0,34443.4425862069,0.07231920199501247,0.07517822423849643,0.0,1.471559633027523,"265,-819"
12071001708,498,0.04116465863453815,0.05421686746987952,-81.87923244341661,26.55454636905737,1508.0,1157.0,3.0,2.0,,0.0,0.0,0.001989389920424403,0.001728608470181504,0.002849002849002849,3.0281124497991967,"266,-819"
12071001709,688,1.4469476744186047,0.9055232558139535,-81.88127473944783,26.53644968331681,1153.0,1151.0,36.0,36.0,0.18175518275591315,9.0,6776.3175,0.031222896790980052,0.03127715030408341,0.0,1.6758720930232558,"265,-819"
12071001710,972,1.6826131687242798,0.9969135802469136,-81.90502832490988,26.526271645180024,1306.0,1300.0,20.0,20.0,0.16676175964967657,10.0,8430.8635,0.015313935681470138,0.015384615384615385,0.0,1.3436213991769548,"265,-819"
12071001711,648,1.1728395061728396,0.9228395061728395,-81.90541033856756,26.53917282729222,1961.0,1959.0,33.0,33.0,0.17902979514005737,27.0,145478.0509090909,0.016828148903620603,0.016845329249617153,0.0,3.0262345679012346,"265,-819"
12071001801,1624,0.42549261083743845,0.3805418719211823,-81.90611088965122,26.564651477722244,1131.0,961.0,385.0,378.0,0.4329100446997285,313.0,131635.87781818182,0.34040671971706454,0.39334027055150883,0.041176470588235294,0.6964285714285714,"266,-819"
12071001802,1032,0.7858527131782945,0.6918604651162791,-81.91987499397322,26.547564480983556,1486.0,1325.0,312.0,305.0,0.3294101091171367,221.0,104828.6782051282,0.20995962314939434,0.23018867924528302,0.043478260869565216,1.439922480620155,"265,-819"
12071001903,1260,0.8051587301587302,0.723015873015873,-81.94559787344276,26.52626970434647,2499.0,2200.0,394.0,349.0,0.16255281490594517,199.0,30853.02614213198,0.15766306522609044,0.15863636363636363,0.1505016722408027,1.9833333333333334,"265,-819"
12071001908,989,5.371587462082912,0.9838220424671386,-81.93988320006939,26.485144241913613,209.0,209.0,205.0,205.0,0.5081682349543808,165.0,128106.31492682926,0.9808612440191388,0.9808612440191388,,0.21132457027300303,"265,-819"
12071001910,2295,5.933986928104575,0.9991285403050109,-81.95481182425691,26.491479542403248,78.0,78.0,74.0,74.0,0.7624691048410481,61.0,95050.70945945945,0.9487179487179487,0.9487179487179487,,0.03398692810457516,"265,-820"
12071001911,829,5.961399276236429,0.9867310012062727,-81.95167022317654,26.48217258586253,772.0,772.0,242.0,242.0,0.46375017304420363,175.0,209341.25983471074,0.3134715025906736,0.3134715025906736,,0.9312424607961399,"265,-820"
12071001912,1435,3.0038327526132402,0.9637630662020906,-81.96113264976726,26.500407629525185,1047.0,974.0,358.0,320.0,0.5122434216134121,279.0,261686.54910614525,0.3419293218720153,0.32854209445585214,0.5205479452054794,0.729616724738676,"265,-820"
12071001913,1052,1.5038022813688212,0.8669201520912547,-81.94746872549321,26.50290747726139,1269.0,1007.0,486.0,371.0,0.4015344963617301,339.0,144778.9225308642,0.3829787234042553,0.3684210526315789,0.4389312977099237,1.206273764258555,"265,-819"
12071001915,481,2.4376299376299375,0.9002079002079002,-81.99203462403366,26.506743180203504,908.0,896.0,419.0,407.0,0.21277468223064624,327.0,128243.79811455846,0.46145374449339205,0.45424107142857145,1.0,1.8877338877338878,"265,-820"
12071001916,1345,2.628996282527881,0.9962825278810409,-81.93797554752867,26.50303905430129,290.0,290.0,194.0,194.0,0.5383274948349982,161.0,100152.65360824742,0.6689655172413793,0.6689655172413793,,0.21561338289962825,"265,-819"
12071001917,896,2.1244419642857144,0.7243303571428571,-81.93244030487445,26.51724178759053,1800.0,1765.0,248.0,248.0,0.3012056451499284,179.0,115546.87528225807,0.13777777777777778,0.1405099150141643,0.0,2.0089285714285716,"265,-819"
12071001918,533,2.050656660412758,0.99812382739212,-81.90690275603097,26.515554989858508,643.0,640.0,35.0,35.0,0.05975044435765984,17.0,26042.420285714285,0.05443234836702955,0.0546875,0.0,1.2063789868667918,"265,-819"
12071001919,679,1.972017673048601,0.9985272459499264,-81.9159359547359,26.512922744477358,475.0,474.0,258.0,257.0,0.2068071627935919,197.0,52952.43372093023,0.5431578947368421,0.5421940928270043,1.0,0.6995581737849779,"265,-819"
12071001920,1457,3.133493479752917,1.0,-81.89274731192221,26.50312254670939,1119.0,1105.0,625.0,625.0,0.17906417303811878,479.0,68276.005328,0.5585344057193923,0.5656108597285068,0.0,0.7680164722031572,"265,-819"
12071001921,1455,2.7917525773195875,0.9979381443298969,-81.90225766361517,26.493900978879772,2090.0,2090.0,827.0,827.0,0.26279544682105277,623.0,164760.45527206772,0.3956937799043062,0.3956937799043062,,1.436426116838488,"265,-819"
12071001922,1580,1.500632911392405,0.8632911392405064,-81.95967291687974,26.511022920906154,622.0,597.0,357.0,342.0,0.36745217827630977,299.0,119239.24075630253,0.5739549839228296,0.5728643216080402,0.6,0.39367088607594936,"265,-820"
12071001923,1401,3.056745182012848,0.9700214132762313,-81.9733796023517,26.506174185128337,1096.0,1092.0,593.0,592.0,0.32483352871038434,457.0,116263.60563237774,0.541058394160584,0.5421245421245421,0.25,0.7822983583154889,"265,-820"
12071010104,1033,0.10648596321393998,0.13165537270087124,-82.04909902507661,26.763611824435458,1519.0,1110.0,48.0,40.0,0.00025695350344553475,22.0,0.0,0.031599736668861095,0.036036036036036036,0.019559902200488997,1.4704743465634076,"268,-820"
12071010106,2446,0.015944399018806215,0.03025347506132461,-82.02454206291638,26.662804745002152,690.0,606.0,25.0,23.0,0.016778265431117798,9.0,1167.6504,0.036231884057971016,0.037953795379537955,0.023809523809523808,0.2820932134096484,"267,-820"
12071010107,1719,0.0,0.0,-82.00600893075475,26.674606709233256,212.0,129.0,6.0,3.0,0.0,2.0,0.0,0.02830188679245283,0.023255813953488372,0.03614457831325301,0.12332751599767307,"267,-820"
12071010108,2791,0.06718022214260122,0.09136510211393765,-82.01219504262001,26.65000633734069,402.0,300.0,13.0,10.0,0.0,1.0,1873.486153846154,0.03233830845771144,0.03333333333333333,0.029411764705882353,0.14403439627373701,"267,-820"
12071010109,2902,0.4620951068228808,0.4107512060647829,-82.04946627153778,26.659204334679945,1799.0,1749.0,144.0,142.0,0.2586482423598832,58.0,29173.880972222225,0.08004446914952751,0.08118925100057175,0.04,0.6199172984148863,"267,-820"
12071010110,2313,0.5283182014699525,0.4522265456117596,-82.05486001228064,26.709220696573063,1274.0,1237.0,53.0,52.0,0.023161902969547916,14.0,2085.4403773584904,0.041601255886970175,0.04203718674211803,0.02702702702702703,0.5507998270644185,"267,-821"
12071010111,2982,0.002347417840375587,0.004694835680751174,-82.01199003277779,26.690789417114388,370.0,254.0,13.0,10.0,0.23265549699403898,3.0,15875.148461538462,0.03513513513513514,0.03937007874015748,0.02586206896551724,0.12407780013413816,"267,-820"
12071010112,2110,0.0,0.0,-81.93011937252477,26.746737670854422,5.0,0.0,0.0,0.0,,0.0,,0.0,,0.0,0.002369668246445498,"267,-819"
12071010113,1783,0.0,0.0,-81.98612309308136,26.72003852043978,91.0,21.0,4.0,0.0,0.0,1.0,0.0,0.04395604395604396,0.0,0.05714285714285714,0.05103757711721817,"267,-820"
12071010203,3033,0.0,0.0,-81.94248868952047,26.68207537899575,80.0,17.0,6.0,0.0,,0.0,0.0,0.075,0.0,0.09523809523809523,0.02637652489284537,"267,-819"
12071010205,3007,0.0,0.0,-81.97333622526978,26.66548756696802,65.0,0.0,3.0,0.0,0.08067947129285419,1.0,5006.526666666667,0.046153846153846156,,0.046153846153846156,0.02161622879946791,"267,-820"
12071010206,4000,0.0,0.0,-81.9778931401193,26.69003167470112,109.0,12.0,7.0,1.0,,0.0,29001.7,0.06422018348623854,0.08333333333333333,0.061855670103092786,0.02725,"267,-820"
12071010207,2981,0.0,0.0,-81.95167922710023,26.716369169033253,111.0,43.0,3.0,2.0,0.0,1.0,0.0,0.02702702702702703,0.046511627906976744,0.014705882352941176,0.03723582690372358,"267,-820"
12071010208,1511,0.0,0.0,-81.94047072436169,26.708680761731316,42.0,8.0,1.0,1.0,0.06262938899986138,1.0,27802.25,0.023809523809523808,0.125,0.0,0.027796161482461945,"267,-819"
12071010209,1704,0.0,0.0,-81.91877366811212,26.733493866469452,52.0,0.0,3.0,0.0,0.39812805208898533,2.0,2601.78,0.057692307692307696,,0.057692307692307696,0.03051643192488263,"267,-819"
12071010210,2336,0.0,0.0,-81.91489995736035,26.710606831627352,176.0,26.0,1.0,0.0,,0.0,0.0,0.005681818181818182,0.0,0.006666666666666667,0.07534246575342465,"267,-819"
12071010302,2390,0.006066945606694561,0.008786610878661089,-81.92687051683016,26.660910284676945,166.0,17.0,5.0,4.0,0.3875124918371746,3.0,61996.436,0.030120481927710843,0.23529411764705882,0.006711409395973154,0.0694560669456067,"267,-819"
12071010303,3093,0.005011315874555448,0.004203039120594891,-81.94852545792828,26.620656571458444,418.0,53.0,15.0,4.0,0.0,1.0,0.0,0.03588516746411483,0.07547169811320754,0.030136986301369864,0.13514387326220498,"266,-819"
12071010305,1526,0.8191349934469201,0.6435124508519003,-81.91637227714813,26.643384561495303,959.0,910.0,347.0,345.0,0.39762130566497594,297.0,100949.3059942363,0.3618352450469239,0.3791208791208791,0.04081632653061224,0.6284403669724771,"266,-819"
12071010306,2526,0.0,0.0,-81.96815100221885,26.642783922514084,179.0,0.0,4.0,0.0,,0.0,0.0,0.0223463687150838,,0.0223463687150838,0.07086302454473475,"266,-820"
12071010307,2753,0.0,0.0,-81.94998896689555,26.649614272564815,259.0,2.0,14.0,1.0,0.145165207818971,5.0,11870.183571428572,0.05405405405405406,0.5,0.05058365758754864,0.09407918634217217,"266,-819"
12071010308,2502,0.08932853717026379,0.1410871302957634,-81.93118031806267,26.640314719539152,591.0,393.0,35.0,33.0,0.18992503820474088,15.0,15084.058571428573,0.05922165820642978,0.08396946564885496,0.010101010101010102,0.23621103117505995,"266,-819"
12071010309,2068,0.2231624758220503,0.2993230174081238,-81.9340458259911,26.622786751779252,1412.0,1311.0,85.0,85.0,0.17562939068376168,48.0,25633.829176470586,0.06019830028328612,0.06483600305110603,0.0,0.6827852998065764,"266,-819"
12071010404,4170,0.0,0.0,-81.98308199648969,26.615967815967164,384.0,28.0,10.0,0.0,0.018743753001726725,4.0,818.3050000000001,0.026041666666666668,0.0,0.028089887640449437,0.0920863309352518,"266,-820"
12071010411,2077,0.2034183919114107,0.27106403466538276,-81.98673675832711,26.573989604292727,1019.0,861.0,248.0,246.0,0.311779313794612,188.0,86205.5241532258,0.2433758586849853,0.2857142857142857,0.012658227848101266,0.49061145883485796,"266,-820"
12071010412,2286,0.2462817147856518,0.2694663167104112,-81.97676232143631,26.578279318471676,1327.0,1200.0,198.0,194.0,0.35791843152778546,142.0,72683.22156565657,0.1492087415222306,0.16166666666666665,0.031496062992125984,0.5804899387576553,"266,-820"
12071010413,2364,0.0,0.0,-81.96419823547095,26.620046590889842,225.0,5.0,1.0,0.0,,0.0,0.0,0.0044444444444444444,0.0,0.004545454545454545,0.09517766497461928,"266,-820"
12071010414,1533,0.0,0.0,-81.96850041196974,26.603708286814125,299.0,102.0,14.0,2.0,,0.0,0.0,0.046822742474916385,0.0196078431372549,0.06091370558375635,0.19504240052185257,"266,-820"
12071010415,2150,0.3783720930232558,0.41627906976744183,-82.02067910614699,26.564531161433194,1869.0,1815.0,455.0,448.0,0.1436853982834107,324.0,55717.89226373626,0.24344569288389514,0.24683195592286503,0.12962962962962962,0.8693023255813953,"266,-820"
12071010416,2038,0.5444062806673209,0.6236506378802747,-82.02013940801359,26.555810842922156,1515.0,1482.0,424.0,421.0,0.1437333271045806,296.0,36681.681485849054,0.27986798679867986,0.2840755735492578,0.09090909090909091,0.7433758586849852,"266,-820"
12071010417,1135,0.7519823788546256,0.7656387665198238,-82.00016065984506,26.549906229119053,1353.0,1253.0,514.0,511.0,0.3132564046582726,398.0,104660.31005836575,0.37989652623798964,0.40782122905027934,0.03,1.1920704845814978,"265,-820"
12071010418,2481,0.2561467150342604,0.324465941152761,-81.99776004422617,26.564637460210264,2071.0,1972.0,614.0,612.0,0.3611239706320618,467.0,101724.83698697068,0.29647513278609366,0.3103448275862069,0.020202020202020204,0.8347440548166062,"266,-820"
12071010419,2660,0.0,0.0,-81.99920038270116,26.624578700387698,355.0,89.0,12.0,3.0,0.0032810728186962617,2.0,416.6666666666667,0.03380281690140845,0.033707865168539325,0.03383458646616541,0.13345864661654136,"266,-820"
12071010420,3627,0.056106975461814174,0.065343258891646,-82.02196394353815,26.62111599069821,2133.0,1724.0,55.0,45.0,0.08146924823688523,18.0,9868.029636363637,0.025785278949835913,0.026102088167053363,0.02444987775061125,0.5880893300248139,"266,-820"
12071010421,3327,0.00030057108506161706,0.0006011421701232341,-82.00150348272948,26.59367693452804,928.0,595.0,40.0,28.0,0.061620973540420065,14.0,5215.375,0.04310344827586207,0.047058823529411764,0.036036036036036036,0.27892996693718064,"266,-820"
12071010422,2632,0.21314589665653497,0.24316109422492402,-82.0230305911655,26.58221564054753,1838.0,1715.0,272.0,264.0,0.10954015614154021,141.0,16149.488860294117,0.14798694232861806,0.15393586005830903,0.06504065040650407,0.6983282674772037,"266,-820"
12071010423,1847,0.3088792636708175,0.24201407688142934,-82.02686463187787,26.600363657121555,1236.0,1171.0,200.0,197.0,0.17124032120670013,121.0,36477.0749,0.16181229773462782,0.1682322801024765,0.046153846153846156,0.6691932864103952,"266,-820"
12071010501,1780,0.0,0.0,-81.95902130610929,26.5950758157952,502.0,308.0,18.0,14.0,0.012848401972539022,6.0,318.59777777777776,0.035856573705179286,0.045454545454545456,0.020618556701030927,0.28202247191011237,"266,-820"
12071010503,1422,0.24929676511954993,0.2721518987341772,-81.96498251115564,26.579793216047094,1036.0,1003.0,154.0,154.0,0.41272387011112255,131.0,91018.48551948051,0.14864864864864866,0.1535393818544367,0.0,0.7285513361462729,"266,-820"
12071010504,793,0.6607818411097099,0.4842370744010088,-81.96163912508473,26.571490457405325,754.0,568.0,139.0,136.0,0.4808878000598867,117.0,83633.32884892086,0.1843501326259947,0.23943661971830985,0.016129032258064516,0.9508196721311475,"266,-820"
12071010601,2175,0.0,0.0,-81.94739828569327,26.59261366793905,501.0,62.0,14.0,1.0,0.0,3.0,641.4028571428571,0.027944111776447105,0.016129032258064516,0.029612756264236904,0.2303448275862069,"266,-819"
12071010602,1199,0.3323603002502085,0.35279399499582986,-81.95204638197511,26.568903535604623,1033.0,947.0,34.0,29.0,0.0873695485294338,14.0,16923.066176470587,0.03291384317521781,0.030623020063357972,0.05813953488372093,0.8615512927439533,"266,-820"
12071010701,2268,0.1402116402116402,0.23544973544973544,-81.93142300092904,26.597842191209963,1304.0,1197.0,146.0,141.0,0.153362925726336,71.0,21985.89678082192,0.11196319018404909,0.11779448621553884,0.04672897196261682,0.5749559082892416,"266,-819"
12071010702,1351,0.6465581051073279,0.6846780162842339,-81.93701606150474,26.57571990094301,1720.0,1680.0,296.0,293.0,0.25202239492259176,208.0,64147.874121621615,0.17209302325581396,0.1744047619047619,0.075,1.2731310140636565,"266,-819"
12071010801,1242,1.7600644122383253,0.9790660225442834,-81.97621963548092,26.554787811681045,874.0,874.0,500.0,500.0,0.44418880821909384,415.0,124018.7613,0.5720823798627003,0.5720823798627003,,0.7037037037037037,"266,-820"
12071010802,1894,1.8690601900739177,0.9524815205913411,-81.95523202585723,26.557301855068722,1321.0,1321.0,578.0,578.0,0.43634170465605304,475.0,114120.57596885813,0.4375473126419379,0.4375473126419379,,0.6974656810982048,"266,-820"
12071010803,1422,2.1631504922644162,0.9732770745428974,-81.95834976292606,26.548886759753614,749.0,748.0,560.0,560.0,0.4342383480324274,475.0,115262.59428571428,0.7476635514018691,0.7486631016042781,0.0,0.5267229254571026,"265,-820"
12071020102,3247,0.0,0.0,-81.89181066284877,26.713026564391686,199.0,44.0,9.0,5.0,0.2688471625262925,5.0,9691.53,0.04522613065326633,0.11363636363636363,0.025806451612903226,0.06128734216199569,"267,-819"
12071020103,1955,0.0,0.0,-81.90557950553703,26.739086338006803,77.0,18.0,0.0,0.0,,0.0,,0.0,0.0,0.0,0.03938618925831202,"267,-819"
12071020104,2269,0.0,0.0,-81.90863680019125,26.76274665255335,432.0,137.0,2.0,0.0,0.002526423239691215,2.0,0.0,0.004629629629629629,0.0,0.006779661016949152,0.19039224327897752,"268,-819"
12071020201,1033,0.0,0.0,-81.84592312307149,26.716704116177702,105.0,70.0,5.0,5.0,0.098375760467288,3.0,13265.514,0.047619047619047616,0.07142857142857142,0.0,0.10164569215876089,"267,-818"
12071020202,1988,0.01056338028169014,0.01006036217303823,-81.82111398450759,26.742973408038267,438.0,405.0,12.0,12.0,0.30689261896424086,4.0,28064.649166666666,0.0273972602739726,0.02962962962962963,0.0,0.22032193158953722,"267,-818"
12071020301,1825,0.0,0.0,-81.86354926776448,26.700428733280678,90.0,65.0,3.0,3.0,0.23750655250742617,1.0,2147.04,0.03333333333333333,0.046153846153846156,0.0,0.049315068493150684,"267,-819"
12071020302,1160,0.0,0.0,-81.87039509647231,26.716464558472182,30.0,28.0,0.0,0.0,,0.0,,0.0,0.0,0.0,0.02586206896551724,"267,-819"
12071020400,1966,1.2782299084435402,0.671414038657172,-81.83883667674537,26.699755034047726,902.0,837.0,450.0,447.0,0.4455950021894659,357.0,142766.574,0.49889135254988914,0.5340501792114696,0.046153846153846156,0.4587995930824008,"267,-818"
12071020501,2198,0.0,0.0,-81.87815641637174,26.691861489152842,120.0,112.0,1.0,1.0,0.1411350703803534,1.0,25159.78,0.008333333333333333,0.008928571428571428,0.0,0.0545950864422202,"267,-819"
12071020502,2301,1.7398956975228161,0.7392438070404173,-81.86910931084434,26.678626032700244,966.0,914.0,587.0,583.0,0.5679137402805606,457.0,108238.27902896081,0.6076604554865425,0.637855579868709,0.07692307692307693,0.4198174706649283,"267,-819"
12071020600,1665,1.446846846846847,0.6954954954954955,-81.88766814691724,26.670216117023163,953.0,950.0,202.0,202.0,0.4648101982912617,154.0,143990.91222772276,0.21196222455403987,0.21263157894736842,0.0,0.5723723723723724,"267,-819"
12071020700,2043,0.6735193343122858,0.38277043563387175,-81.90665358432359,26.660917352597846,996.0,902.0,260.0,259.0,0.37749910945180903,190.0,86605.25615384616,0.26104417670682734,0.28713968957871394,0.010638297872340425,0.48751835535976507,"267,-819"
12071020801,1502,0.0,0.0,-81.90748666939889,26.695112454405283,44.0,35.0,2.0,1.0,0.3354397416756363,1.0,18321.855,0.045454545454545456,0.02857142857142857,0.1111111111111111,0.02929427430093209,"267,-819"
12071020802,1610,0.0,0.0,-81.89772757150253,26.69411394668646,132.0,126.0,21.0,20.0,0.08499140781827681,13.0,4758.220952380952,0.1590909090909091,0.15873015873015872,0.16666666666666666,0.08198757763975155,"267,-819"
12071030100,1811,0.6452236333517394,0.28437327443401433,-81.77066087428607,26.729812298819596,489.0,450.0,138.0,135.0,0.42868790579921856,103.0,136805.2458695652,0.2822085889570552,0.3,0.07692307692307693,0.2700165654334622,"267,-818"
12071030201,1491,0.15325285043594902,0.14017437961099932,-81.74161004257489,26.695852963360355,829.0,664.0,13.0,11.0,0.04980299205645121,10.0,16528.03846153846,0.015681544028950542,0.016566265060240965,0.012121212121212121,0.5560026827632462,"267,-817"
12071030202,2773,1.142445005409304,0.49188604399567254,-81.74878148026855,26.708306757420726,534.0,496.0,349.0,347.0,0.5285238108430329,310.0,120322.6200286533,0.653558052434457,0.6995967741935484,0.05263157894736842,0.19257122250270464,"267,-817"
12071030205,1435,0.6048780487804878,0.267595818815331,-81.70843887039875,26.71170917899928,292.0,229.0,124.0,122.0,0.47442419991516965,102.0,110648.01250000001,0.4246575342465753,0.5327510917030568,0.031746031746031744,0.2034843205574913,"267,-817"
12071030300,2118,0.06893295561850803,0.056657223796033995,-81.62633432384071,26.71837967275116,228.0,196.0,49.0,47.0,0.2269145788359496,40.0,72045.94510204082,0.2149122807017544,0.23979591836734693,0.0625,0.10764872521246459,"267,-816"
12071040108,1221,0.0,0.0,-81.82485483396445,26.536886438519737,202.0,3.0,1.0,0.0,,0.0,0.0,0.0049504950495049506,0.0,0.005025125628140704,0.16543816543816545,"265,-818"
12071040109,1440,0.0,0.0,-81.72664957037536,26.60657959790777,157.0,1.0,1.0,0.0,0.05036867671010746,1.0,19811.11,0.006369426751592357,0.0,0.00641025641025641,0.10902777777777778,"266,-817"
12071040110,947,0.0,0.0,-81.79608325783751,26.625268823134395,303.0,269.0,7.0,7.0,0.0,2.0,0.0,0.0231023102310231,0.026022304832713755,0.0,0.3199577613516367,"266,-818"
12071040111,1414,0.0,0.0,-81.81238044574457,26.527816533023827,169.0,0.0,0.0,0.0,,0.0,,0.0,,0.0,0.11951909476661952,"265,-818"
12071040113,1002,0.031936127744510975,0.041916167664670656,-81.83377653682807,26.5120250453451,269.0,171.0,7.0,7.0,0.014726294904412528,4.0,925.6328571428572,0.026022304832713755,0.04093567251461988,0.0,0.2684630738522954,"265,-818"
12071040117,1592,0.0,0.0,-81.81261218194823,26.557724252363048,267.0,37.0,5.0,1.0,,0.0,0.0,0.018726591760299626,0.02702702702702703,0.017391304347826087,0.16771356783919597,"266,-818"
12071040118,1135,0.0,0.0,-81.76868787387929,26.445323858609502,291.0,26.0,1.0,0.0,,0.0,0.0,0.003436426116838488,0.0,0.0037735849056603774,0.2563876651982379,"264,-818"
12071040120,1049,0.0,0.0,-81.65435493487944,26.548232531716273,14.0,0.0,0.0,0.0,,0.0,,0.0,,0.0,0.01334604385128694,"265,-817"
12071040121,1215,0.0,0.0,-81.74469691922488,26.614855958999662,32.0,0.0,0.0,0.0,,0.0,,0.0,,0.0,0.02633744855967078,"266,-817"
12071040122,1270,0.0,0.0,-81.72733179649016,26.594832556787086,7.0,0.0,0.0,0.0,,0.0,,0.0,,0.0,0.005511811023622047,"266,-817"
12071040123,2890,0.10155709342560554,0.06608996539792387,-81.76315135753983,26.658673262433737,290.0,210.0,53.0,52.0,0.30912769169789195,44.0,71560.02735849057,0.18275862068965518,0.24761904761904763,0.0125,0.10034602076124567,"267,-818"
12071040124,2586,0.0,0.0,-81.73318415305948,26.627870313686905,63.0,0.0,0.0,0.0,,0.0,,0.0,,0.0,0.024361948955916472,"266,-817"
12071040125,1023,0.0,0.0,-81.67263998241323,26.62164103212696,20.0,1.0,0.0,0.0,,0.0,,0.0,0.0,0.0,0.019550342130987292,"266,-817"
12071040126,1319,0.0,0.0,-81.70206385422469,26.62296639396129,6.0,0.0,0.0,0.0,,0.0,,0.0,,0.0,0.004548900682335102,"266,-817"
12071040127,1609,0.006836544437538844,0.006215040397762586,-81.69973708351809,26.637249196792244,56.0,39.0,8.0,8.0,0.41600747843113883,7.0,39247.926250000004,0.14285714285714285,0.20512820512820512,0.0,0.03480422622747048,"266,-817"
12071040128,1382,0.0,0.0,-81.7721769687282,26.59571895157248,575.0,60.0,1.0,1.0,,0.0,0.0,0.0017391304347826088,0.016666666666666666,0.0,0.41606367583212733,"266,-818"
12071040129,1247,0.0,0.0,-81.77335687925839,26.577759101166627,124.0,0.0,1.0,0.0,,0.0,0.0,0.008064516129032258,,0.008064516129032258,0.09943865276663993,"266,-818"
12071040130,1729,0.0,0.0,-81.75817665092521,26.57413401826408,84.0,0.0,1.0,0.0,,0.0,0.0,0.011904761904761904,,0.011904761904761904,0.048582995951417005,"266,-818"
12071040131,943,0.0,0.0,-81.77217463255558,26.55862365183009,84.0,0.0,1.0,0.0,,0.0,0.0,0.011904761904761904,,0.011904761904761904,0.08907741251325557,"266,-818"
12071040132,1042,0.0,0.0,-81.78988791215181,26.60008247982442,109.0,73.0,0.0,0.0,,0.0,,0.0,0.0,0.0,0.10460652591170826,"266,-818"
12071040133,1417,0.0,0.0,-81.78614202906738,26.575564853370942,311.0,28.0,2.0,0.0,0.030156089231375468,1.0,2163.56,0.006430868167202572,0.0,0.007067137809187279,0.21947776993648554,"266,-818"
12071040134,208,0.0,0.0,-81.8088620996533,26.59988337865149,128.0,123.0,3.0,2.0,,0.0,0.0,0.0234375,0.016260162601626018,0.2,0.6153846153846154,"266,-818"
12071040135,1023,0.0,0.0,-81.80762987064965,26.5789560769913,511.0,398.0,3.0,1.0,,0.0,0.0,0.005870841487279843,0.002512562814070352,0.017699115044247787,0.4995112414467253,"266,-818"
12071040136,2120,0.0,0.0,-81.7478636854598,26.589996959996473,249.0,0.0,4.0,0.0,,0.0,0.0,0.01606425702811245,,0.01606425702811245,0.11745283018867925,"266,-817"
12071040137,1877,0.0,0.0,-81.73333019635304,26.57735467609147,83.0,0.0,0.0,0.0,,0.0,,0.0,,0.0,0.04421949920085243,"266,-817"
12071040138,5075,0.0,0.0,-81.71332657256973,26.478687524351038,425.0,98.0,5.0,1.0,0.044584545894791154,1.0,2573.81,0.011764705882352941,0.01020408163265306,0.012232415902140673,0.08374384236453201,"265,-817"
12071040139,141,0.0,0.0,-81.7711220746908,26.464313951960502,4.0,0.0,0.0,0.0,,0.0,,0.0,,0.0,0.028368794326241134,"265,-818"
12071040205,2797,0.0,0.0,-81.68255389258225,26.66823011589759,23.0,1.0,0.0,0.0,,0.0,,0.0,0.0,0.0,0.008223096174472649,"267,-817"
12071040206,3603,0.0015265056897030252,0.002497918401332223,-81.70225230592446,26.690550105056733,252.0,92.0,5.0,3.0,0.0007447296058661778,2.0,14930.319999999998,0.01984126984126984,0.03260869565217391,0.0125,0.06994171523730225,"267,-817"
12071040207,2236,0.0,0.0,-81.59317912485699,26.61634961866815,320.0,260.0,3.0,2.0,0.12501778178197165,1.0,4689.796666666666,0.009375,0.007692307692307693,0.016666666666666666,0.14311270125223613,"266,-816"
12071040208,1249,0.0,0.0,-81.62959796654903,26.675736285227337,44.0,34.0,0.0,0.0,,0.0,,0.0,0.0,0.0,0.03522818254603683,"267,-816"
12071040209,1514,0.0,0.0,-81.58078964633954,26.655011373075443,226.0,197.0,1.0,1.0,0.024662454080721385,1.0,3997.33,0.004424778761061947,0.005076142131979695,0.0,0.14927344782034346,"267,-816"
12071040210,1140,0.0,0.0,-81.63183342313826,26.652934696921633,14.0,2.0,0.0,0.0,,0.0,,0.0,0.0,0.0,0.012280701754385965,"267,-816"
12071040211,2117,0.0,0.0,-81.61130000996923,26.622623882863152,24.0,0.0,0.0,0.0,,0.0,,0.0,,0.0,0.011336797354747285,"266,-816"
12071040212,2769,0.0,0.0,-81.64804473313409,26.627928453110137,45.0,0.0,0.0,0.0,,0.0,,0.0,,0.0,0.016251354279523293,"266,-816"
12071040301,3235,0.0,0.0,-81.69663260200059,26.604141184456022,16.0,0.0,0.0,0.0,,0.0,,0.0,,0.0,0.004945904173106646,"266,-817"
12071040302,1883,0.0,0.0,-81.69280149033696,26.583245599516136,13.0,0.0,1.0,0.0,0.19549640215367584,1.0,41250.01,0.07692307692307693,,0.07692307692307693,0.006903876792352629,"266,-817"
12071040303,2752,0.0,0.0,-81.6697480559222,26.588518227000144,11.0,0.0,0.0,0.0,,0.0,,0.0,,0.0,0.003997093023255814,"266,-817"
12071040304,2475,0.0,0.0,-81.65487244287216,26.600470341850976,29.0,0.0,0.0,0.0,,0.0,,0.0,,0.0,0.011717171717171718,"266,-817"
12071040305,1437,0.0,0.0,-81.63610422464707,26.607268183598087,12.0,0.0,0.0,0.0,,0.0,,0.0,,0.0,0.008350730688935281,"266,-816"
12071040308,1573,0.0,0.0,-81.58332336295128,26.54293672299526,8.0,0.0,0.0,0.0,,0.0,,0.0,,0.0,0.0050858232676414495,"265,-816"
12071040310,975,0.0,0.0,-81.64011141929804,26.562280119564473,12.0,0.0,0.0,0.0,,0.0,,0.0,,0.0,0.012307692307692308,"266,-816"
12071040311,2283,0.0,0.0,-81.6388880410337,26.585460059961626,30.0,0.0,0.0,0.0,,0.0,,0.0,,0.0,0.013140604467805518,"266,-816"
12071040312,736,0.0,0.0,-81.61635092699295,26.54528592002564,1.0,0.0,0.0,0.0,,0.0,,0.0,,0.0,0.001358695652173913,"265,-816"
12071040313,722,0.0,0.0,-81.60194133430811,26.584505840731165,10.0,0.0,0.0,0.0,,0.0,,0.0,,0.0,0.013850415512465374,"266,-816"
12071040314,1157,0.0,0.0,-81.58167900483738,26.579584193975908,5.0,0.0,0.0,0.0,,0.0,,0.0,,0.0,0.00432152117545376,"266,-816"
12071040315,1217,0.0,0.0,-81.61382050258489,26.580139198798697,17.0,0.0,0.0,0.0,,0.0,,0.0,,0.0,0.013968775677896467,"266,-816"
12071040316,1562,0.0,0.0,-81.62461908561478,26.597093884747714,18.0,0.0,0.0,0.0,,0.0,,0.0,,0.0,0.011523687580025609,"266,-816"
12071050103,1081,2.404255319148936,0.6901017576318224,-81.83355860703251,26.458870757322845,411.0,347.0,224.0,221.0,0.2981565457182089,172.0,198454.39700892856,0.5450121654501217,0.6368876080691642,0.046875,0.38020351526364476,"265,-818"
12071050104,2130,1.405868544600939,0.7328638497652582,-81.82595882273276,26.442742219657926,341.0,141.0,119.0,114.0,0.4923018575829523,105.0,135405.2069747899,0.3489736070381232,0.8085106382978723,0.025,0.160093896713615,"264,-818"
12071050105,1210,3.554132231404959,0.9446280991735537,-81.86676529389929,26.510519124930614,1249.0,1241.0,444.0,440.0,0.2559839670236865,363.0,98808.76763513513,0.355484387510008,0.354552780016116,0.5,1.0322314049586776,"265,-819"
12071050106,2194,5.243618960802188,0.9986326344576116,-81.85449757615288,26.48617801688043,1791.0,1771.0,1126.0,1121.0,0.4031412982138505,927.0,120014.92976021314,0.6286990508096035,0.6329757199322417,0.25,0.8163172288058341,"265,-819"
12071050204,1156,0.0,0.0,-81.80014235085459,26.482526325387465,97.0,0.0,1.0,0.0,0.0,1.0,0.0,0.010309278350515464,,0.010309278350515464,0.08391003460207612,"265,-818"
12071050205,1055,0.45829383886255926,0.2663507109004739,-81.83115862113247,26.476578330573627,216.0,193.0,19.0,18.0,0.14863373345617747,10.0,57649.84263157895,0.08796296296296297,0.09326424870466321,0.043478260869565216,0.204739336492891,"265,-818"
12071050206,1205,0.0,0.0,-81.81251393914707,26.474484776106124,466.0,448.0,2.0,2.0,,0.0,0.0,0.004291845493562232,0.004464285714285714,0.0,0.3867219917012448,"265,-818"
12071050207,1281,0.0,0.0,-81.8077093450396,26.455206805074194,402.0,3.0,2.0,0.0,0.022817993581445352,1.0,2962.135,0.004975124378109453,0.0,0.005012531328320802,0.31381733021077285,"265,-818"
12071050208,2328,0.002577319587628866,0.00429553264604811,-81.81686095054343,26.484209703270878,844.0,783.0,13.0,11.0,0.02213420150381077,5.0,2120.0615384615385,0.015402843601895734,0.0140485312899106,0.03278688524590164,0.36254295532646047,"265,-818"
12071050210,994,0.05181086519114688,0.05130784708249497,-81.79443813994811,26.438312320071848,1010.0,956.0,1.0,1.0,,0.0,0.0,0.0009900990099009901,0.0010460251046025104,0.0,1.0160965794768613,"264,-818"
12071050211,1301,0.0,0.0,-81.80322202047071,26.446196999609025,545.0,340.0,3.0,3.0,0.011461282595950162,1.0,7153.306666666667,0.005504587155963303,0.008823529411764706,0.0,0.4189085318985396,"264,-818"
12071050212,1981,0.0,0.0,-81.81684936012144,26.465657744584366,679.0,655.0,11.0,10.0,0.03249081241692079,4.0,1329.2227272727273,0.016200294550810016,0.015267175572519083,0.041666666666666664,0.34275618374558303,"265,-818"
12071050213,1630,0.0,0.0,-81.79828458077547,26.461760261843708,201.0,82.0,3.0,0.0,,0.0,126.64666666666666,0.014925373134328358,0.0,0.025210084033613446,0.12331288343558282,"265,-818"
12071050305,1683,2.6821152703505646,0.9506833036244801,-81.82003109101873,26.34965963959463,2884.0,2621.0,707.0,704.0,0.11788251518776569,573.0,98596.05451202265,0.24514563106796117,0.26859977107974053,0.011406844106463879,1.7136066547831255,"263,-818"
12071050306,1814,0.012127894156560088,0.013230429988974642,-81.78650049585934,26.42588694030024,380.0,202.0,3.0,2.0,0.09080171039804408,1.0,4396.433333333333,0.007894736842105263,0.009900990099009901,0.0056179775280898875,0.20948180815876516,"264,-818"
12071050311,3490,0.0,0.0,-81.74295847963481,26.435340718729158,468.0,1.0,5.0,0.0,0.0,1.0,0.0,0.010683760683760684,0.0,0.010706638115631691,0.1340974212034384,"264,-817"
12071050312,4799,0.0,0.0,-81.71938902393532,26.3944473934309,468.0,276.0,8.0,6.0,0.03819789741729727,3.0,322.0875,0.017094017094017096,0.021739130434782608,0.010416666666666666,0.09752031673265264,"264,-817"
12071050315,1000,0.0,0.0,-81.77875115418031,26.40286307588783,269.0,19.0,1.0,0.0,,0.0,0.0,0.0037174721189591076,0.0,0.004,0.269,"264,-818"
12071050316,1285,0.0,0.0,-81.79577430498631,26.404980058260897,1199.0,86.0,4.0,0.0,0.06841516805845084,1.0,5091.66,0.003336113427856547,0.0,0.0035938903863432167,0.9330739299610895,"264,-818"
12071050317,1625,0.5867692307692308,0.7452307692307693,-81.80042259648664,26.35969268456096,598.0,409.0,11.0,10.0,0.4071818463635212,7.0,10553.467272727272,0.01839464882943144,0.02444987775061125,0.005291005291005291,0.368,"264,-818"
12071050318,3139,0.0,0.0,-81.7881921647892,26.376673571692926,782.0,355.0,2.0,0.0,,0.0,0.0,0.0025575447570332483,0.0,0.00468384074941452,0.24912392481682064,"264,-818"
12071050319,1026,0.6895711500974658,0.3401559454191033,-81.82860416386477,26.409542509576443,659.0,416.0,163.0,134.0,0.2916350063781492,109.0,177613.20705521473,0.2473444613050076,0.32211538461538464,0.11934156378600823,0.6423001949317739,"264,-818"
12071050320,1519,0.15832784726793944,0.09940750493745885,-81.81909282247717,26.421163815392823,873.0,464.0,74.0,64.0,0.23710317300113615,38.0,198806.17013513512,0.08476517754868271,0.13793103448275862,0.02444987775061125,0.5747202106649111,"264,-818"
12071050321,878,2.9225512528473803,0.6127562642369021,-81.82819759899658,26.386065726591173,1180.0,818.0,202.0,184.0,0.36553143587638226,167.0,107968.07465346534,0.1711864406779661,0.22493887530562348,0.049723756906077346,1.3439635535307517,"264,-818"
12071050322,1397,0.22333571939871152,0.09878310665712241,-81.8164919904473,26.379558915908817,876.0,355.0,36.0,32.0,0.08923418756922935,25.0,70332.58277777777,0.0410958904109589,0.09014084507042254,0.007677543186180422,0.6270579813886901,"264,-818"
12071050323,1013,0.0,0.0,-81.66447754697481,26.326147298525743,105.0,0.0,0.0,0.0,,0.0,,0.0,,0.0,0.10365251727541955,"263,-817"
12071050324,2002,0.0,0.0,-81.72512273437715,26.32423371128994,744.0,1.0,0.0,0.0,,0.0,,0.0,0.0,0.0,0.37162837162837165,"263,-817"
12071050325,3206,0.0,0.0,-81.68991449509596,26.324837181767062,311.0,0.0,0.0,0.0,,0.0,,0.0,,0.0,0.09700561447286338,"263,-817"
12071050401,2213,1.3572074107546317,0.5887934929959331,-81.78542231808046,26.348194031751273,1088.0,927.0,222.0,221.0,0.2790816389070936,181.0,86322.80337837839,0.20404411764705882,0.238403451995685,0.006211180124223602,0.49164030727519203,"263,-818"
12071050402,2269,0.001983252534156016,0.003966505068312032,-81.76946806907631,26.353662982142033,399.0,201.0,2.0,1.0,0.0,1.0,0.0,0.005012531328320802,0.004975124378109453,0.005050505050505051,0.17584839136183342,"264,-818"
12071050501,1611,0.025139664804469275,0.035381750465549346,-81.76013066861765,26.337749618662624,393.0,347.0,2.0,2.0,0.32117296916767124,2.0,1281.08,0.005089058524173028,0.005763688760806916,0.0,0.24394785847299813,"263,-818"
12071050502,1926,0.07917964693665629,0.05036344755970924,-81.76743739675564,26.328906332091382,331.0,112.0,17.0,16.0,0.2560848403465199,14.0,29893.58823529412,0.0513595166163142,0.14285714285714285,0.0045662100456621,0.17185877466251298,"263,-818"
12071050601,1872,2.0566239316239314,0.41773504273504275,-81.81825264668464,26.32901643560417,1321.0,663.0,245.0,236.0,0.39338016734757497,194.0,94108.55379591837,0.1854655563966692,0.3559577677224736,0.013677811550151976,0.7056623931623932,"263,-818"
12071050603,2063,1.611730489578284,0.5564711585070286,-81.79164477080441,26.336176164171608,550.0,437.0,202.0,202.0,0.3968118617435622,165.0,86998.6742079208,0.36727272727272725,0.4622425629290618,0.0,0.2666020358700921,"263,-818"
12071050604,1043,0.0,0.0,-81.79491816057589,26.322854877149176,326.0,19.0,0.0,0.0,,0.0,,0.0,0.0,0.0,0.31255992329817833,"263,-818"
12071060101,684,7.309941520467836,0.9736842105263158,-81.94772841757398,26.461485097893423,215.0,215.0,177.0,177.0,0.7302812156657847,141.0,131775.39762711863,0.8232558139534883,0.8232558139534883,,0.31432748538011696,"265,-819"
12071060102,1593,6.547708725674827,0.9711236660389203,-81.94143064251783,26.449209565509488,2034.0,2034.0,967.0,967.0,0.5949588493961045,723.0,207261.4577145812,0.4754178957718781,0.4754178957718781,,1.2768361581920904,"264,-819"
12071060201,263,5.8688212927756656,1.0,-81.90591468636957,26.42100365978756,2164.0,2164.0,202.0,202.0,0.5305645708433455,127.0,675615.2387128713,0.0933456561922366,0.0933456561922366,,8.228136882129277,"264,-819"
12071060202,399,5.516290726817043,0.9273182957393483,-81.89257905510709,26.409621689534948,2339.0,2339.0,281.0,281.0,0.34543943848234804,216.0,193386.96448398576,0.12013681060282172,0.12013681060282172,,5.862155388471178,"264,-819"
12071060203,931,6.842642320085929,0.9828141783029001,-81.90832071807547,26.428835149109656,843.0,843.0,539.0,539.0,0.5134736416307613,416.0,158197.93597402595,0.6393831553973903,0.6393831553973903,,0.9054779806659506,"264,-819"
12071060300,549,6.30327868852459,0.9744990892531876,-81.8529643292711,26.351065733557594,1863.0,1863.0,278.0,278.0,0.3150518936472651,211.0,380563.7246402878,0.1492216854535695,0.1492216854535695,,3.3934426229508197,"264,-819"
12071070101,1765,2.5345609065155807,0.8934844192634561,-82.14356095969168,26.66304446664663,560.0,522.0,115.0,114.0,0.12098759464110415,77.0,18199.48747826087,0.20535714285714285,0.21839080459770116,0.02631578947368421,0.31728045325779036,"267,-821"
12071070102,2625,1.838095238095238,0.723047619047619,-82.11525473865484,26.65039012713422,907.0,863.0,307.0,303.0,0.3986993968107441,227.0,57127.55495114007,0.33847850055126794,0.3511008111239861,0.09090909090909091,0.3455238095238095,"267,-821"
12071070201,2173,3.2098481362172113,0.9047399907961344,-82.08204913569976,26.499845261243586,860.0,860.0,735.0,735.0,0.3772621565486288,543.0,55972.382503401364,0.8546511627906976,0.8546511627906976,,0.3957662218131615,"265,-821"
12071070202,1924,1.8903326403326404,0.8076923076923077,-82.10119189730257,26.5648212168871,459.0,446.0,307.0,305.0,0.4396679609480326,221.0,58507.670162866445,0.6688453159041394,0.6838565022421524,0.15384615384615385,0.23856548856548856,"266,-821"
12071080100,1471,3.9466349422161793,0.9075458871515976,-82.20369707919438,26.56209365761548,902.0,843.0,543.0,495.0,0.13414412313423715,342.0,27459.16449355433,0.6019955654101996,0.5871886120996441,0.8135593220338984,0.6131883072739633,"266,-822"
12071080202,2099,4.800142925202477,0.9914244878513578,-82.04409964648977,26.441267270171174,4274.0,4247.0,1927.0,1918.0,0.3619723771542577,1326.0,204503.07138038403,0.45086569957884887,0.45161290322580644,0.3333333333333333,2.036207717960934,"264,-820"
12071080203,1309,3.3181818181818183,0.9801375095492743,-82.11071594683855,26.435264376574853,1657.0,1653.0,1112.0,1108.0,0.31771335456837424,894.0,127204.8918884892,0.6710923355461678,0.6702964307320024,1.0,1.26585179526356,"264,-821"
12071080204,1865,4.408847184986596,0.9924932975871313,-82.10511832299221,26.45931485327226,1519.0,1518.0,1272.0,1271.0,0.20648688161555742,1057.0,78763.14791666667,0.837393021724819,0.8372859025032938,1.0,0.8144772117962467,"265,-821"
12071080300,662,1.6193353474320242,0.5317220543806647,-81.86293295444179,26.645937909432778,656.0,644.0,93.0,92.0,0.34618199155166307,70.0,143603.6259139785,0.14176829268292682,0.14285714285714285,0.08333333333333333,0.9909365558912386,"266,-819"
12071090100,1402,2.7535663338088443,0.942225392296719,-82.26159407169115,26.749382161345356,965.0,959.0,58.0,57.0,0.027451360404535906,21.0,6084.731379310346,0.06010362694300518,0.05943691345151199,0.16666666666666666,0.68830242510699,"267,-823"
12071980000,112,0.0,0.0,-81.75751845579943,26.53550639954876,0.0,0.0,0.0,0.0,,0.0,,,,,0.0,"265,-818"
