hwm_id,latitude_dd,longitude_dd,hwmTypeName,hwmQualityName,elev_ft,height_above_gnd,mom_cat1_ft,mom_cat2_ft,mom_cat3_ft,mom_cat4_ft,mom_cat5_ft
44180,26.473505,-81.851446,Seed line,Good: +/- 0.10 ft,9.8,7.75,9.5,14.5,18.5,20.5,20.5
44248,26.549813,-82.196372,Debris,Excellent: +/- 0.05 ft,4.59,2.07,5.5,9.5,12.5,16.5,20.5
43880,26.631472,-82.06856,Seed line,Excellent: +/- 0.05 ft,7.17,3.6,3.5,8.5,11.5,17.5,20.5
43775,26.48725,-81.94233,Seed line,Excellent: +/- 0.05 ft,10.5,0.65,3.5,7.5,11.5,17.5,20.5
43778,26.48673,-81.935522,Seed line,Good: +/- 0.10 ft,11.1,1.59,5.5,9.5,13.5,19.5,20.5
43780,26.481,-81.936205,Seed line,Good: +/- 0.10 ft,11.4,2.96,4.5,8.5,12.5,17.5,20.5
43784,26.4803,-81.94887,Seed line,Excellent: +/- 0.05 ft,12.1,6.06,6.5,10.5,14.5,19.5,20.5
43785,26.47892,-81.95111,Seed line,Excellent: +/- 0.05 ft,12.3,6.75,7.5,11.5,15.5,20.5,20.5
43787,26.468225,-81.95072,Seed line,Good: +/- 0.10 ft,12.5,0.23,8.5,12.5,16.5,20.5,20.5
43877,26.489892,-81.964365,Seed line,Excellent: +/- 0.05 ft,11.9,2.07,2.5,6.5,10.5,15.5,19.5
43922,26.489892,-81.964365,Seed line,Excellent: +/- 0.05 ft,11.9,2.05,2.5,6.5,10.5,15.5,19.5
43879,26.495629,-81.977315,Seed line,Excellent: +/- 0.05 ft,11.2,6.29,4.5,8.5,12.5,18.5,20.5
43926,26.495629,-81.977315,Seed line,Excellent: +/- 0.05 ft,11.2,6.29,4.5,8.5,12.5,18.5,20.5
43882,26.508522,-81.980038,Seed line,Excellent: +/- 0.05 ft,8.1,2.49,1.5,5.5,9.5,15.5,19.5
43886,26.518766,-81.965689,Seed line,Excellent: +/- 0.05 ft,6.9,1.02,3.5,7.5,11.5,17.5,20.5
43887,26.511354,-82.081096,Seed line,Excellent: +/- 0.05 ft,7.5,0.66,2.5,6.5,10.5,15.5,18.5
43935,26.525614,-81.952762,Seed line,Good: +/- 0.10 ft,7.2,0.38,2.5,6.5,10.5,17.5,20.5
43891,26.347299,-81.7801,Seed line,Excellent: +/- 0.05 ft,9.0,2.1,2.5,6.5,10.5,16.5,20.5
43896,26.439,-82.063,Seed line,Good: +/- 0.10 ft,10.1,6.11,5.5,9.5,12.5,17.5,20.5
43893,26.505736,-81.958406,Seed line,Excellent: +/- 0.05 ft,10.7,1.6,0.5,4.5,8.5,14.5,18.5
43895,26.504282,-82.08269,Seed line,Excellent: +/- 0.05 ft,7.4,1.85,2.5,6.5,9.5,14.5,18.5
43917,26.504282,-82.08269,Seed line,Excellent: +/- 0.05 ft,7.4,1.76,2.5,6.5,9.5,14.5,18.5
43898,26.500623,-81.967515,Seed line,Excellent: +/- 0.05 ft,11.1,4.22,2.5,6.5,10.5,16.5,20.5
43973,26.500623,-81.967515,Seed line,Fair: +/- 0.20 ft,10.8,4.48,2.5,6.5,10.5,16.5,20.5
43900,26.339381,-81.78339,Seed line,Excellent: +/- 0.05 ft,8.8,0.93,2.5,7.5,10.5,16.5,20.5
43899,26.498427,-82.076022,Seed line,Good: +/- 0.10 ft,7.6,3.43,4.5,8.5,11.5,16.5,20.5
43902,26.338738,-81.790901,Seed line,Excellent: +/- 0.05 ft,8.9,3.8,5.5,9.5,13.5,18.5,20.5
43903,26.501279,-82.067384,Seed line,Excellent: +/- 0.05 ft,8.2,4.11,6.5,10.5,13.5,18.5,20.5
43904,26.342565,-81.786912,Seed line,Excellent: +/- 0.05 ft,8.7,1.7,2.5,6.5,10.5,16.5,20.5
43905,26.344094,-81.796394,Seed line,Excellent: +/- 0.05 ft,8.9,3.25,5.5,9.5,13.5,19.5,20.5
43906,26.496476,-82.08572,Seed line,Good: +/- 0.10 ft,7.5,2.23,2.5,6.5,9.5,14.5,18.5
43908,26.338712,-81.796599,Seed line,Excellent: +/- 0.05 ft,8.8,5.98,5.5,10.5,13.5,19.5,20.5
43909,26.340671,-81.809076,Seed line,Excellent: +/- 0.05 ft,9.0,3.32,6.5,10.5,14.5,19.5,20.5
43911,26.33874,-81.802319,Seed line,Excellent: +/- 0.05 ft,9.0,4.14,6.5,10.5,14.5,19.5,20.5
43912,26.341525,-81.813296,Seed line,Excellent: +/- 0.05 ft,9.0,1.36,2.5,7.5,10.5,16.5,20.5
43913,26.334931,-81.814852,Seed line,Excellent: +/- 0.05 ft,9.4,3.83,5.5,10.5,14.5,19.5,20.5
43915,26.348546,-81.819254,Seed line,Excellent: +/- 0.05 ft,10.4,2.05,2.5,7.5,11.5,16.5,20.5
43916,26.333809,-81.823596,Seed line,Excellent: +/- 0.05 ft,10.7,1.6,2.5,7.5,10.5,16.5,20.5
43919,26.705406,-82.161784,Seed line,Excellent: +/- 0.05 ft,2.5,0.56,5.5,9.5,12.5,18.5,20.5
43920,26.702815,-82.160073,Seed line,Excellent: +/- 0.05 ft,2.5,0.79,4.5,8.5,11.5,17.5,20.5
43925,26.660932,-81.898228,Seed line,Good: +/- 0.10 ft,6.9,1.56,1.5,5.5,9.5,15.5,20.5
43927,26.653205,-81.895727,Seed line,Good: +/- 0.10 ft,7.2,2.91,3.5,6.5,10.5,17.5,20.5
43928,26.44742,-82.03677,Seed line,Excellent: +/- 0.05 ft,10.4,4.19,3.5,7.5,10.5,15.5,19.5
43929,26.650426,-81.903229,Seed line,Fair: +/- 0.20 ft,6.9,0.98,1.5,5.5,9.5,15.5,20.5
43930,26.44676,-82.03653,Seed line,Good: +/- 0.10 ft,10.7,4.69,3.5,7.5,10.5,15.5,19.5
43932,26.44412,-82.03632,Seed line,Good: +/- 0.10 ft,11.2,5.65,4.5,8.5,11.5,16.5,20.5
43933,26.505513,-82.090442,Seed line,Excellent: +/- 0.05 ft,7.7,1.62,2.5,6.5,9.5,14.5,18.5
43934,26.44113,-82.03635,Seed line,Good: +/- 0.10 ft,12.4,5.1,2.5,5.5,9.5,14.5,17.5
43936,26.645715,-81.903771,Seed line,Good: +/- 0.10 ft,6.9,1.08,4.5,8.5,12.5,18.5,20.5
43937,26.491378,-82.08507,Seed line,Excellent: +/- 0.05 ft,7.3,2.33,1.5,5.5,8.5,13.5,17.5
43938,26.44465,-82.03209,Seed line,Good: +/- 0.10 ft,11.8,7.41,5.5,9.5,12.5,17.5,20.5
43976,26.44465,-82.03209,Seed line,Good: +/- 0.10 ft,11.8,7.67,5.5,9.5,12.5,17.5,20.5
43956,26.44655,-82.02686,Seed line,Good: +/- 0.10 ft,12.2,7.68,5.5,9.5,12.5,17.5,20.5
43958,26.44807,-82.02472,Seed line,Good: +/- 0.10 ft,12.3,9.17,6.5,10.5,13.5,19.5,20.5
43959,26.647015,-81.912819,Seed line,Good: +/- 0.10 ft,6.8,0.92,1.5,4.5,8.5,15.5,20.5
43960,26.44919,-82.02364,Seed line,Good: +/- 0.10 ft,11.6,7.68,6.5,10.5,14.5,19.5,20.5
43961,26.493499,-82.077404,Seed line,Good: +/- 0.10 ft,7.5,3.0,3.5,7.5,11.5,16.5,19.5
43962,26.643183,-81.913392,Seed line,Good: +/- 0.10 ft,6.5,0.73,0.5,3.5,7.5,14.5,19.5
43963,26.640998,-81.908775,Seed line,Good: +/- 0.10 ft,6.7,1.91,2.5,5.5,9.5,16.5,20.5
43964,26.4966,-82.071572,Seed line,Fair: +/- 0.20 ft,7.8,2.47,3.5,7.5,11.5,16.5,19.5
43965,26.627865,-81.917829,Seed line,Good: +/- 0.10 ft,6.9,3.49,2.5,6.5,10.5,17.5,20.5
43966,26.629271,-81.917302,Seed line,Fair: +/- 0.20 ft,6.6,2.81,2.5,6.5,10.5,16.5,20.5
43967,26.635365,-81.911993,Seed line,Good: +/- 0.10 ft,6.6,0.53,1.5,4.5,8.5,15.5,20.5
43968,26.701315,-82.159844,Seed line,Excellent: +/- 0.05 ft,2.6,0.85,0.0,0.0,0.0,0.0,0.0
43969,26.671847,-82.156667,Seed line,Excellent: +/- 0.05 ft,4.4,0.92,5.5,9.5,11.5,16.5,20.5
43970,26.635486,-81.921457,Seed line,Good: +/- 0.10 ft,6.2,0.65,1.5,4.5,8.5,15.5,20.5
44059,26.635486,-81.921457,Seed line,Good: +/- 0.10 ft,6.4,0.49,1.5,4.5,8.5,15.5,20.5
43971,26.670535,-82.155847,Seed line,Excellent: +/- 0.05 ft,4.6,3.33,4.5,8.5,10.5,15.5,19.5
43972,26.668221,-82.151763,Seed line,Excellent: +/- 0.05 ft,4.9,0.46,4.5,8.5,10.5,16.5,19.5
43974,26.664466,-82.15321,Seed line,Excellent: +/- 0.05 ft,5.3,1.74,3.5,7.5,10.5,15.5,19.5
43975,26.661816,-82.154604,Seed line,Excellent: +/- 0.05 ft,5.5,0.96,6.5,10.5,13.5,18.5,20.5
43977,26.705481,-82.163241,Seed line,Excellent: +/- 0.05 ft,2.4,0.41,5.5,9.5,12.5,17.5,20.5
43979,26.35943,-81.8232,Seed line,Excellent: +/- 0.05 ft,9.8,0.95,2.5,7.5,11.5,16.5,20.5
43980,26.334181,-81.830933,Seed line,Excellent: +/- 0.05 ft,10.8,5.18,6.5,10.5,14.5,19.5,20.5
43982,26.343061,-81.827137,Seed line,Excellent: +/- 0.05 ft,9.9,4.25,3.5,7.5,11.5,16.5,20.5
43984,26.347256,-81.832331,Seed line,Excellent: +/- 0.05 ft,9.2,2.35,3.5,7.5,11.5,16.5,20.5
43985,26.681978,-81.86577,Seed line,Good: +/- 0.10 ft,7.8,2.65,3.5,7.5,10.5,17.5,20.5
43988,26.359673,-81.834342,Seed line,Good: +/- 0.10 ft,11.1,5.44,6.5,11.5,14.5,20.5,20.5
43989,26.678307,-81.8607,Mud,Excellent: +/- 0.05 ft,7.9,3.15,3.5,7.5,11.5,17.5,20.5
43992,26.357757,-81.829543,Seed line,Excellent: +/- 0.05 ft,10.7,3.37,4.5,9.5,12.5,18.5,20.5
43993,26.637245,-81.879707,Seed line,Excellent: +/- 0.05 ft,7.9,2.69,2.5,5.5,9.5,16.5,20.5
43996,26.637591,-81.879398,Seed line,Excellent: +/- 0.05 ft,8.0,2.79,1.5,5.5,9.5,15.5,20.5
43995,26.7330487,-82.2596588,Seed line,Fair: +/- 0.20 ft,3.1,0.99,3.5,7.5,10.5,15.5,18.5
43998,26.675965,-81.863089,Seed line,Good: +/- 0.10 ft,7.6,2.84,3.5,6.5,10.5,17.5,20.5
44000,26.657107,-82.146795,Seed line,Excellent: +/- 0.05 ft,6.0,2.73,6.5,10.5,12.5,17.5,20.5
44001,26.659399,-82.151631,Seed line,Excellent: +/- 0.05 ft,5.7,0.25,3.5,7.5,10.5,15.5,19.5
44003,26.640107,-81.878033,Seed line,Fair: +/- 0.20 ft,7.5,2.2,0.0,3.5,6.5,13.5,18.5
44002,26.673728,-81.864559,Seed line,Excellent: +/- 0.05 ft,8.2,4.01,4.5,7.5,11.5,18.5,20.5
44004,26.639925,-81.878064,Seed line,Excellent: +/- 0.05 ft,7.6,2.91,2.5,5.5,9.5,16.5,20.5
44007,26.640168,-81.874648,Seed line,Excellent: +/- 0.05 ft,7.5,1.21,1.5,4.5,8.5,15.5,20.5
44011,26.4632332,-81.9661929,Seed line,Excellent: +/- 0.05 ft,12.8,2.91,5.5,9.5,12.5,18.5,20.5
44008,26.67855,-81.866825,Seed line,Excellent: +/- 0.05 ft,7.7,1.25,1.5,5.5,9.5,15.5,20.5
44012,26.640487,-81.874906,Seed line,Excellent: +/- 0.05 ft,7.6,2.61,2.5,5.5,9.5,16.5,20.5
44014,26.667263,-82.147551,Seed line,Excellent: +/- 0.05 ft,5.2,0.29,3.5,8.5,10.5,15.5,19.5
44015,26.360613,-81.859625,Seed line,Excellent: +/- 0.05 ft,11.3,2.53,4.5,9.5,12.5,18.5,20.5
44017,26.667083,-82.145077,Seed line,Excellent: +/- 0.05 ft,6.4,0.35,1.5,6.5,9.5,14.5,18.5
44018,26.458466,-81.960669,Seed line,Excellent: +/- 0.05 ft,12.7,8.7,6.5,10.5,14.5,19.5,20.5
44021,26.67,-82.146761,Seed line,Excellent: +/- 0.05 ft,5.8,0.16,2.5,7.5,9.5,14.5,18.5
44022,26.687896,-81.862092,Seed line,Good: +/- 0.10 ft,7.8,1.41,2.5,6.5,10.5,17.5,20.5
44026,26.686979,-81.859838,Seed line,Good: +/- 0.10 ft,7.6,0.7,0.5,4.5,8.5,14.5,19.5
44028,26.647071,-81.865519,Seed line,Excellent: +/- 0.05 ft,7.6,3.69,3.5,7.5,11.5,17.5,20.5
44029,26.358424,-81.857939,Seed line,Excellent: +/- 0.05 ft,11.7,5.23,6.5,10.5,14.5,19.5,20.5
44030,26.646659,-81.864723,Seed line,Excellent: +/- 0.05 ft,7.5,1.08,2.5,5.5,9.5,16.5,20.5
44034,26.68437,-81.855174,Seed line,Good: +/- 0.10 ft,7.9,1.53,2.5,5.5,9.5,16.5,20.5
44035,26.4565631,-81.9591994,Mud,Excellent: +/- 0.05 ft,12.8,9.43,8.5,12.5,15.5,20.5,20.5
44045,26.4485,-82.03085,Seed line,Good: +/- 0.10 ft,11.1,5.03,3.5,7.5,11.5,16.5,19.5
44036,26.649344,-81.856899,Seed line,Fair: +/- 0.20 ft,7.7,4.43,4.5,8.5,12.5,18.5,20.5
44039,26.682064,-81.856548,Seed line,Excellent: +/- 0.05 ft,7.8,2.49,2.5,6.5,9.5,16.5,20.5
44038,26.658978,-82.142953,Seed line,Excellent: +/- 0.05 ft,6.6,0.45,2.5,7.5,9.5,14.5,18.5
44037,26.45094,-82.03457,Seed line,Good: +/- 0.10 ft,10.2,5.43,3.5,7.5,11.5,16.5,20.5
44042,26.647591,-81.858599,Seed line,Excellent: +/- 0.05 ft,7.7,4.06,4.5,8.5,11.5,18.5,20.5
44046,26.664227,-82.145074,Seed line,Excellent: +/- 0.05 ft,6.6,0.48,1.5,5.5,8.5,13.5,17.5
44047,26.357474,-81.855946,Seed line,Excellent: +/- 0.05 ft,11.3,5.0,5.5,10.5,13.5,19.5,20.5
44048,26.357474,-81.855946,Seed line,Fair: +/- 0.20 ft,12.2,5.95,5.5,10.5,13.5,19.5,20.5
44052,26.689065,-81.853777,Seed line,Good: +/- 0.10 ft,7.8,1.71,2.5,5.5,9.5,16.5,20.5
44054,26.353566,-81.854782,Seed line,Excellent: +/- 0.05 ft,11.6,7.96,8.5,12.5,16.5,20.5,20.5
44055,26.665687,-82.149003,Seed line,Excellent: +/- 0.05 ft,5.4,0.69,3.5,7.5,10.5,15.5,19.5
44056,26.659937,-82.144752,Seed line,Excellent: +/- 0.05 ft,6.4,0.25,2.5,6.5,8.5,14.5,17.5
44058,26.669449,-81.873291,Seed line,Excellent: +/- 0.05 ft,7.5,3.26,2.5,6.5,10.5,16.5,20.5
44057,26.691643,-81.852221,Seed line,Good: +/- 0.10 ft,7.9,2.15,1.5,5.5,9.5,15.5,20.5
44060,26.407048,-81.893588,Seed line,Fair: +/- 0.20 ft,11.9,6.13,0.0,0.0,0.0,0.0,0.0
44061,26.690599,-81.855155,Seed line,Good: +/- 0.10 ft,7.9,2.05,2.5,5.5,9.5,16.5,20.5
44063,26.40632,-81.892262,Seed line,Fair: +/- 0.20 ft,12.7,6.78,5.5,10.5,13.5,19.5,20.5
44064,26.406677,-81.892147,Seed line,Good: +/- 0.10 ft,12.0,5.93,5.5,10.5,13.5,19.5,20.5
44065,26.672186,-81.872221,Seed line,Excellent: +/- 0.05 ft,7.5,1.92,3.5,6.5,10.5,17.5,20.5
44066,26.691323,-81.857873,Vegetation line,Fair: +/- 0.20 ft,7.4,0.0,1.5,5.5,9.5,15.5,20.5
44068,26.40988,-81.897454,Seed line,Fair: +/- 0.20 ft,12.3,2.67,5.5,10.5,13.5,19.5,20.5
44069,26.694335,-81.84149,Seed line,Excellent: +/- 0.05 ft,8.0,3.82,1.5,5.5,9.5,15.5,20.5
44070,26.673305,-81.875099,Seed line,Excellent: +/- 0.05 ft,7.5,1.9,3.5,6.5,10.5,17.5,20.5
44071,26.413212,-81.897079,Seed line,Fair: +/- 0.20 ft,11.9,7.02,6.5,10.5,14.5,19.5,20.5
44072,26.700733,-81.835661,Seed line,Excellent: +/- 0.05 ft,8.3,2.45,2.5,6.5,10.5,16.5,20.5
44073,26.415702,-81.894414,Seed line,Excellent: +/- 0.05 ft,11.6,6.82,6.5,10.5,14.5,20.5,20.5
44074,26.7023,-81.832997,Seed line,Excellent: +/- 0.05 ft,8.2,3.33,3.5,7.5,11.5,17.5,20.5
44075,26.419894,-81.902107,Seed line,Good: +/- 0.10 ft,12.3,7.24,8.5,12.5,16.5,20.5,20.5
44076,26.421553,-81.899649,Seed line,Good: +/- 0.10 ft,11.7,7.15,7.5,12.5,15.5,20.5,20.5
44077,26.459917,-81.964736,Mud,Excellent: +/- 0.05 ft,12.4,1.81,5.5,9.5,12.5,18.5,20.5
44080,26.654569,-81.853726,Seed line,Good: +/- 0.10 ft,7.7,1.11,0.5,4.5,8.5,14.5,19.5
44082,26.350976,-81.853885,Seed line,Good: +/- 0.10 ft,12.4,6.94,8.5,13.5,16.5,20.5,20.5
44081,26.501184,-81.868844,Seed line,Good: +/- 0.10 ft,9.5,2.89,4.5,9.5,13.5,19.5,20.5
44083,26.659396,-81.850301,Seed line,Good: +/- 0.10 ft,8.5,2.0,1.5,4.5,8.5,15.5,20.5
44092,26.346373,-81.849788,Seed line,Excellent: +/- 0.05 ft,11.3,6.75,6.5,10.5,14.5,20.5,20.5
44091,26.496821,-81.855283,Seed line,Good: +/- 0.10 ft,9.7,2.91,5.5,10.5,14.5,20.5,20.5
44089,26.477484,-81.858863,Seed line,Good: +/- 0.10 ft,10.7,4.03,5.5,9.5,13.5,19.5,20.5
44088,26.438598,-82.083878,Seed line,Good: +/- 0.10 ft,9.1,5.63,5.5,8.5,11.5,16.5,20.5
44090,26.44505,-82.04273,Seed line,Good: +/- 0.10 ft,10.5,7.5,6.5,9.5,13.5,18.5,20.5
44095,26.44369,-82.04277,Seed line,Excellent: +/- 0.05 ft,10.8,7.56,6.5,10.5,13.5,18.5,20.5
44093,26.438392,-82.092756,Seed line,Good: +/- 0.10 ft,8.9,5.62,2.5,6.5,9.5,14.5,17.5
44097,26.490744,-81.851223,Debris,Excellent: +/- 0.05 ft,10.3,0.3,0.5,5.5,10.5,15.5,20.5
44096,26.44061,-82.04423,Seed line,Good: +/- 0.10 ft,11.6,7.2,4.5,8.5,11.5,16.5,20.5
44098,26.485786,-81.848253,Seed line,Good: +/- 0.10 ft,10.1,2.17,5.5,10.5,14.5,20.5,20.5
44099,26.439752,-82.098898,Seed line,Good: +/- 0.10 ft,8.6,6.5,4.5,7.5,10.5,15.5,19.5
44100,26.484347,-81.842633,Seed line,Excellent: +/- 0.05 ft,10.7,1.96,3.5,8.5,12.5,18.5,20.5
44101,26.482021,-81.853908,Seed line,Fair: +/- 0.20 ft,10.2,3.08,4.5,9.5,13.5,19.5,20.5
44102,26.43741,-82.04373,Seed line,Good: +/- 0.10 ft,12.5,9.23,4.5,7.5,11.5,16.5,19.5
44103,26.474822,-81.850956,Seed line,Good: +/- 0.10 ft,10.9,6.51,9.5,14.5,18.5,20.5,20.5
44104,26.4418,-82.106784,Seed line,Good: +/- 0.10 ft,8.4,5.01,3.5,6.5,10.5,14.5,18.5
44105,26.478179,-81.845026,Seed line,Fair: +/- 0.20 ft,10.9,4.33,5.5,10.5,14.5,20.5,20.5
44106,26.472243,-81.840482,Seed line,Excellent: +/- 0.05 ft,10.9,1.36,3.5,8.5,12.5,18.5,20.5
44107,26.659184,-81.886679,Seed line,Excellent: +/- 0.05 ft,7.2,0.97,1.5,4.5,8.5,15.5,20.5
44109,26.43942,-82.0401,Seed line,Good: +/- 0.10 ft,13.0,7.55,4.5,7.5,11.5,16.5,19.5
44110,26.435785,-82.108246,Seed line,Good: +/- 0.10 ft,9.3,4.62,3.5,7.5,10.5,15.5,18.5
44113,26.660131,-81.890634,Seed line,Excellent: +/- 0.05 ft,7.1,1.77,0.5,4.5,8.5,14.5,19.5
44114,26.664859,-81.884866,Seed line,Good: +/- 0.10 ft,6.8,0.1,0.5,4.5,8.5,14.5,19.5
44254,26.436,-82.046,Seed line,Good: +/- 0.10 ft,12.3,7.47,4.5,8.5,11.5,16.5,20.5
44119,26.43058,-82.10743,Seed line,Good: +/- 0.10 ft,11.2,6.76,3.5,6.5,10.5,14.5,18.5
44118,26.472921,-81.838131,Seed line,Good: +/- 0.10 ft,10.8,2.36,4.5,10.5,14.5,20.5,20.5
44121,26.470094,-81.849024,Seed line,Good: +/- 0.10 ft,11.0,3.28,3.5,8.5,12.5,18.5,20.5
44120,26.43961,-82.04639,Seed line,Good: +/- 0.10 ft,11.5,6.3,4.5,8.5,11.5,16.5,19.5
44124,26.469288,-81.841183,Seed line,Excellent: +/- 0.05 ft,10.9,3.31,3.5,8.5,12.5,18.5,20.5
44123,26.44248,-82.04831,Seed line,Good: +/- 0.10 ft,11.0,7.07,5.5,8.5,12.5,17.5,20.5
44125,26.427513,-82.100713,Seed line,Good: +/- 0.10 ft,12.6,1.06,2.5,5.5,9.5,13.5,17.5
44126,26.464888,-81.841808,Seed line,Excellent: +/- 0.05 ft,11.0,2.25,4.5,9.5,13.5,18.5,20.5
44132,26.488913,-81.859341,Seed line,Good: +/- 0.10 ft,10.1,4.51,5.5,10.5,14.5,20.5,20.5
44128,26.452768,-81.945607,Seed line,Excellent: +/- 0.05 ft,12.7,9.15,7.5,11.5,15.5,20.5,20.5
44130,26.443139,-81.929285,Seed line,Excellent: +/- 0.05 ft,13.8,9.8,7.5,11.5,14.5,20.5,20.5
44133,26.440587,-81.923277,Seed line,Excellent: +/- 0.05 ft,12.4,7.15,7.5,11.5,15.5,20.5,20.5
44134,26.44009,-81.921604,Seed line,Excellent: +/- 0.05 ft,12.7,7.25,7.5,11.5,15.5,20.5,20.5
44140,26.672127,-81.898793,Seed line,Excellent: +/- 0.05 ft,7.0,1.33,1.5,5.5,9.5,15.5,20.5
44141,26.666579,-81.895005,Seed line,Excellent: +/- 0.05 ft,6.9,3.52,4.5,8.5,11.5,18.5,20.5
44142,26.70541,-81.838485,Seed line,Excellent: +/- 0.05 ft,8.0,2.49,1.5,6.5,9.5,16.5,20.5
44144,26.67434,-81.88408,Seed line,Excellent: +/- 0.05 ft,6.8,0.6,0.5,4.5,8.5,14.5,19.5
44145,26.678268,-81.882639,Seed line,Excellent: +/- 0.05 ft,7.2,0.85,1.5,5.5,9.5,15.5,20.5
44146,26.678713,-81.878556,Seed line,Excellent: +/- 0.05 ft,7.3,1.04,1.5,5.5,9.5,15.5,20.5
44260,26.429477,-81.907546,Seed line,Good: +/- 0.10 ft,11.7,5.5,4.5,9.5,12.5,18.5,20.5
44147,26.428568,-81.906992,Seed line,Good: +/- 0.10 ft,12.3,5.95,4.5,9.5,12.5,18.5,20.5
44148,26.430196,-81.909307,Seed line,Excellent: +/- 0.05 ft,12.4,12.46,7.5,12.5,15.5,20.5,20.5
44149,26.42332,-81.89756,Seed line,Good: +/- 0.10 ft,11.8,7.26,7.5,11.5,15.5,20.5,20.5
44151,26.667526,-81.879386,Seed line,Excellent: +/- 0.05 ft,7.5,2.55,3.5,6.5,10.5,17.5,20.5
44152,26.662973,-81.877538,Seed line,Excellent: +/- 0.05 ft,7.6,2.02,2.5,6.5,10.5,16.5,20.5
44153,26.406491,-81.889167,Seed line,Fair: +/- 0.20 ft,12.1,6.11,0.0,0.0,0.0,0.0,0.0
44156,26.40637,-81.884151,Seed line,Excellent: +/- 0.05 ft,11.6,5.58,6.5,10.5,14.5,19.5,20.5
44157,26.346504,-81.852182,Seed line,Good: +/- 0.10 ft,11.9,5.95,5.5,9.5,13.5,18.5,20.5
44159,26.714355,-81.756963,Seed line,Excellent: +/- 0.05 ft,7.6,2.24,3.5,6.5,10.5,16.5,20.5
44160,26.713967,-81.749927,Seed line,Good: +/- 0.10 ft,7.8,2.11,2.5,5.5,9.5,15.5,20.5
44161,26.712029,-81.735832,Seed line,Good: +/- 0.10 ft,7.8,2.35,2.5,5.5,10.5,15.5,20.5
44162,26.715439,-81.741384,Seed line,Good: +/- 0.10 ft,7.8,1.13,1.5,4.5,8.5,14.5,18.5
44163,26.4881,-81.854154,Debris,Excellent: +/- 0.05 ft,9.7,0.0,3.5,8.5,12.5,18.5,20.5
44164,26.492548,-81.852295,Stain line,Good: +/- 0.10 ft,9.7,4.89,6.5,12.5,16.5,20.5,20.5
44167,26.493829,-81.850589,Seed line,Excellent: +/- 0.05 ft,9.9,3.13,5.5,10.5,15.5,20.5,20.5
44168,26.474706,-81.841812,Seed line,Good: +/- 0.10 ft,10.9,4.58,6.5,11.5,15.5,20.5,20.5
44169,26.477632,-81.85341,Seed line,Excellent: +/- 0.05 ft,10.8,8.31,9.5,14.5,18.5,20.5,20.5
44170,26.720279,-81.733262,Seed line,Good: +/- 0.10 ft,7.9,3.43,1.5,4.5,9.5,14.5,19.5
44171,26.464749,-81.846517,Seed line,Excellent: +/- 0.05 ft,11.2,2.5,2.5,7.5,11.5,17.5,20.5
44172,26.463553,-81.834673,Seed line,Excellent: +/- 0.05 ft,11.1,1.44,5.5,10.5,14.5,20.5,20.5
44175,26.718314,-81.724323,Seed line,Good: +/- 0.10 ft,7.9,0.85,3.5,5.5,10.5,16.5,20.5
44181,26.430258,-82.095966,Seed line,Good: +/- 0.10 ft,11.2,4.81,5.5,9.5,12.5,17.5,20.5
44182,26.434498,-82.102503,Seed line,Excellent: +/- 0.05 ft,9.7,3.45,1.5,4.5,7.5,12.5,16.5
44251,26.426416,-82.092652,Seed line,Good: +/- 0.10 ft,12.5,7.5,3.5,7.5,10.5,15.5,18.5
44186,26.424614,-82.087648,Seed line,Good: +/- 0.10 ft,12.4,8.3,4.5,7.5,11.5,15.5,19.5
44185,26.425462,-82.079975,Seed line,Excellent: +/- 0.05 ft,12.2,7.58,5.5,8.5,12.5,16.5,20.5
44187,26.348955,-81.848752,Seed line,Excellent: +/- 0.05 ft,11.0,5.3,5.5,9.5,13.5,19.5,20.5
44188,26.689471,-81.84658,Seed line,Excellent: +/- 0.05 ft,8.2,2.05,3.5,7.5,11.5,17.5,20.5
44189,26.430617,-82.092438,Seed line,Excellent: +/- 0.05 ft,11.1,7.68,5.5,8.5,11.5,16.5,20.5
44190,26.699433,-81.831928,Seed line,Excellent: +/- 0.05 ft,8.0,3.44,3.5,7.5,11.5,17.5,20.5
44192,26.694043,-81.83382,Seed line,Excellent: +/- 0.05 ft,8.5,2.45,2.5,6.5,9.5,16.5,20.5
44193,26.694176,-81.83155,Seed line,Excellent: +/- 0.05 ft,8.1,2.93,2.5,6.5,10.5,16.5,20.5
44194,26.722267,-81.714545,Seed line,Excellent: +/- 0.05 ft,7.9,3.87,3.5,6.5,10.5,16.5,20.5
44195,26.434608,-82.080599,Seed line,Good: +/- 0.10 ft,9.6,2.98,2.5,5.5,9.5,14.5,17.5
44196,26.719844,-81.717264,Seed line,Excellent: +/- 0.05 ft,7.8,1.24,1.5,4.5,8.5,14.5,18.5
44200,26.423905,-82.07151,Seed line,Excellent: +/- 0.05 ft,12.5,7.2,3.5,6.5,9.5,14.5,18.5
44205,26.43253,-82.064921,Seed line,Good: +/- 0.10 ft,11.3,7.13,5.5,9.5,12.5,17.5,20.5
44206,26.42669,-82.06845,Seed line,Good: +/- 0.10 ft,12.9,7.44,3.5,7.5,10.5,15.5,18.5
44212,26.48208,-82.176957,Seed line,Good: +/- 0.10 ft,6.6,2.64,4.5,8.5,11.5,15.5,19.5
44207,26.42983,-82.06266,Seed line,Good: +/- 0.10 ft,12.4,8.06,4.5,8.5,11.5,16.5,20.5
44211,26.4307,-82.0569,Seed line,Good: +/- 0.10 ft,12.5,6.41,0.0,0.0,0.0,0.0,0.0
44210,26.476765,-82.171808,Seed line,Fair: +/- 0.20 ft,7.5,4.27,5.5,9.5,12.5,16.5,20.5
44223,26.4818,-82.18107,Seed line,Good: +/- 0.10 ft,7.0,4.11,4.5,7.5,10.5,15.5,18.5
44224,26.47843,-82.17754,Seed line,Fair: +/- 0.20 ft,8.0,4.47,6.5,9.5,12.5,16.5,20.5
44252,26.46598,-82.15337,Seed line,Good: +/- 0.10 ft,9.4,5.39,3.5,7.5,10.5,14.5,18.5
44225,26.45991,-82.15049,Seed line,Fair: +/- 0.20 ft,10.4,6.6,4.5,7.5,10.5,15.5,18.5
44229,26.45477,-82.14114,Seed line,Good: +/- 0.10 ft,9.4,4.42,4.5,7.5,11.5,15.5,19.5
44230,26.44944,-82.13912,Seed line,Good: +/- 0.10 ft,11.6,7.19,4.5,7.5,10.5,15.5,18.5
44233,26.44542,-82.13191,Seed line,Fair: +/- 0.20 ft,9.9,6.54,5.5,8.5,11.5,16.5,19.5
44234,26.4498,-82.12446,Seed line,Good: +/- 0.10 ft,8.2,4.39,5.5,8.5,11.5,16.5,19.5
44235,26.43743,-82.12544,Seed line,Fair: +/- 0.20 ft,11.1,5.13,2.5,5.5,8.5,13.5,16.5
44236,26.43367,-82.11804,Seed line,Good: +/- 0.10 ft,11.1,3.01,0.5,4.5,7.5,12.5,15.5
44238,26.43812,-82.1171,Seed line,Good: +/- 0.10 ft,9.5,5.52,6.5,9.5,13.5,17.5,20.5
44239,26.719036,-82.261515,Stain line,Excellent: +/- 0.05 ft,3.1,0.6,5.5,8.5,11.5,16.5,20.5
44257,26.3461117,-81.770575,Seed line,Excellent: +/- 0.05 ft,8.9,2.28,0.0,1.5,5.5,11.5,15.5
