grid_lat,grid_lon,mean_exposure_score,building_count,claim_count,mean_amount_paid
26.3,-81.9,0.18198979591836736,98,29,113222.22551724139
26.3,-81.8,0.11671232876712329,511,1270,106215.94162204725
26.3,-81.7,0.0,486,1,0.0
26.4,-82.1,0.10952054794520548,511,2164,148257.75174676525
26.4,-82.0,0.16034068136272547,499,1057,193951.8178051088
26.4,-81.9,0.19628230616302186,503,1710,260184.2419356725
26.4,-81.8,0.027475247524752475,505,877,136464.70690992018
26.4,-81.7,0.0,491,3,0.0
26.5,-82.2,0.13601593625498007,502,879,57039.970341296925
26.5,-82.1,0.10665000000000001,500,1120,62803.99841071429
26.5,-82.0,0.13304347826086957,552,3995,148657.64397747186
26.5,-81.9,0.11418577981651377,436,5410,105318.11760073938
26.5,-81.8,0.12625494071146245,506,533,130997.09874296434
26.6,-82.2,0.12879775280898878,445,95,10120.951684210526
26.6,-82.1,0.01654233870967742,496,566,55870.01848056537
26.6,-82.0,0.006544943820224719,534,3947,72999.92945781606
26.6,-81.9,0.00019148936170212765,470,2121,89620.45984441302
26.6,-81.8,0.0,506,53,3364.715283018868
26.6,-81.7,0.0,508,4,18482.542500000003
26.6,-81.6,0.0,493,3,4689.796666666666
26.7,-82.3,0.0849090909090909,495,36,639.9352777777777
26.7,-82.2,0.09482897384305836,497,78,13312.190384615384
26.7,-82.1,0.02713450292397661,513,92,4427.006304347826
26.7,-82.0,0.007484909456740442,497,112,4510.5421428571435
26.7,-81.9,0.0006573705179282867,502,1236,110016.1453802589
26.7,-81.8,0.014148073022312373,493,856,118955.30703271028
26.7,-81.7,0.0004216867469879518,498,461,116904.55082429502
26.7,-81.6,0.0,493,24,58320.37916666666
26.8,-82.3,0.12721669980119285,503,25,13195.07
26.8,-82.1,0.014239350912778904,493,40,0.0
26.8,-82.0,0.0423076923076923,507,8,0.0
26.8,-81.9,0.0,498,3,9543.366666666667
26.8,-81.8,0.0,500,6,0.0
26.9,-82.3,0.10010934393638171,503,2,5286.025
